avg_quiz_score,topic_mastery_score,attempts_per_topic,hints_used,days_since_last_revision,study_sessions_per_week,login_frequency,streak_days,retention_score,fatigue_index
66.43346559358203,0.5428897706238802,3.5711022937611983,0,4,5,16,5,0.6428897706238802,0.6507778321282797
76.73267181103569,0.6115511454069046,2.8844885459309544,2,7,5,10,12,0.7115511454069046,0.0635758775270393
73.97276099936859,0.5931517399957906,3.0684826000420937,4,14,5,5,11,0.6931517399957906,0.5489149183689476
67.12035725996752,0.5474690483997835,3.525309516002165,2,18,5,22,12,0.6474690483997835,0.19882809996214879
50.4938284432165,0.4366255229547767,4.633744770452234,1,5,1,21,6,0.5366255229547766,0.14424756672577277
69.57887526931391,0.5638591684620927,3.3614083153790726,0,11,6,11,14,0.6638591684620927,0.34488543805656446
49.615467296771826,0.4307697819784788,4.692302180215211,0,18,6,16,4,0.5307697819784788,0.9639471735826178
68.98343035048596,0.5598895356699064,3.401104643300936,0,29,6,25,12,0.6598895356699064,0.05495769864809619
40.873576476176254,0.37249050984117504,5.27509490158825,1,20,3,18,7,0.472490509841175,0.6447007731128891
54.26503457866017,0.4617668971910678,4.382331028089322,4,25,1,7,13,0.5617668971910678,0.9581726635277594
66.01407563595107,0.5400938375730071,3.5990616242699285,0,13,4,12,5,0.6400938375730072,0.43670725180960446
64.33303986458841,0.5288869324305895,3.7111306756941054,3,14,1,22,7,0.6288869324305895,0.9252912975079199
52.92097111519388,0.4528064741012925,4.471935258987075,4,8,1,19,7,0.5528064741012925,0.2878392265564049
43.39578223294535,0.3893052148863024,5.106947851136976,2,6,5,3,9,0.48930521488630235,0.6403089408356751
61.144120979725265,0.5076274731981685,3.9237252680183157,1,19,2,17,8,0.6076274731981685,0.20010646941806254
38.069603333810505,0.3537973555587367,5.462026444412633,0,11,1,10,4,0.4537973555587367,0.755169052789336
37.55690984722743,0.35037939898151615,5.496206010184839,2,8,4,25,4,0.45037939898151613,0.7072803111838264
61.74664648463717,0.5116443098975811,3.883556901024189,1,4,2,14,6,0.6116443098975811,0.5861046158198305
67.86028150081715,0.5524018766721144,3.4759812332788567,0,10,6,12,10,0.6524018766721144,0.4492342211386954
38.07508902495887,0.35383392683305914,5.461660731669408,3,9,2,28,12,0.4538339268330591,0.20159915254504546
66.54099956826249,0.5436066637884166,3.5639333621158342,0,10,4,5,8,0.6436066637884166,0.928063892592942
78.88929547501556,0.6259286365001037,2.740713634998963,2,27,4,8,8,0.7259286365001036,0.2908730919402066
67.96688585106486,0.5531125723404324,3.4688742765956757,0,24,5,15,13,0.6531125723404324,0.834433914759541
75.32650696503003,0.6021767131002003,2.9782328689979973,2,10,6,16,10,0.7021767131002002,0.768107162179119
48.675676961969096,0.424504513079794,4.75495486920206,4,14,3,16,3,0.524504513079794,0.8427702266094637
58.82008896175544,0.4921339264117029,4.078660735882971,3,18,4,16,13,0.5921339264117029,0.8597268737112456
41.47849046106508,0.3765232697404339,5.234767302595661,2,29,5,3,4,0.47652326974043385,0.8568483988284307
60.583092235526955,0.5038872815701797,3.961127184298203,2,9,4,24,1,0.6038872815701797,0.12385549283103037
35.63474868697054,0.3375649912464702,5.624350087535298,2,2,1,12,6,0.4375649912464702,0.27827516085695114
42.640888895305736,0.3842725926353716,5.157274073646284,4,23,1,24,11,0.4842725926353716,0.6085717163027551
30.037026481006965,0.30024684320671313,5.997531567932869,0,17,6,6,11,0.4002468432067131,0.557245252018816
61.21060513826062,0.5080707009217375,3.9192929907826253,2,18,2,27,14,0.6080707009217374,0.9676507188769045
64.97670210397325,0.5331780140264883,3.6682198597351166,4,4,4,12,9,0.6331780140264883,0.6345370914777665
55.222658689466506,0.46815105792977674,4.318489420702233,3,18,5,23,13,0.5681510579297767,0.6037488507283695
34.0487122832714,0.3269914152218093,5.730085847781907,1,3,2,19,6,0.4269914152218093,0.5806357648014299
44.5364661819801,0.396909774546534,5.03090225453466,3,20,6,28,5,0.49690977454653396,0.10526222697701215
88.05147480672147,0.6870098320448098,2.129901679551902,3,8,2,2,3,0.7870098320448098,0.9820978242004058
73.87992989296943,0.5925328659531296,3.0746713404687043,1,0,5,3,9,0.6925328659531296,0.6889380867239939
76.9127259120648,0.612751506080432,2.87248493919568,2,25,6,2,11,0.712751506080432,0.9533487606600302
50.480769961592685,0.4365384664106179,4.6346153358938205,1,17,4,15,14,0.5365384664106179,0.7384553223480332
53.02823782615609,0.4535215855077072,4.464784144922928,0,7,3,4,1,0.5535215855077072,0.399947545377921
72.48205501599088,0.5832137001066059,3.1678629989339413,1,17,6,6,7,0.6832137001066059,0.3556015124099896
67.62298830116089,0.5508199220077392,3.4918007799226074,0,5,1,29,8,0.6508199220077392,0.7262924371620758
48.745622536756464,0.42497081691170974,4.750291830882903,2,28,1,26,5,0.5249708169117098,0.30673244375030606
62.07340098494757,0.5138226732329838,3.8617732676701624,3,6,5,24,12,0.6138226732329838,0.21417312821095935
40.776968494300704,0.37184645662867133,5.2815354337132865,2,4,5,1,14,0.4718464566286713,0.29575192511039927
67.66123841596976,0.5510749227731317,3.489250772268682,0,22,1,24,2,0.6510749227731317,0.3434717863224531
58.09523584683139,0.4873015723122093,4.1269842768779075,4,4,2,16,0,0.5873015723122093,0.8573221292013342
80.92044825291956,0.6394696550194637,2.6053034498053624,0,22,1,17,11,0.7394696550194637,0.0494747712860818
64.28155036778271,0.5285436691185514,3.7145633088144856,3,18,6,18,5,0.6285436691185514,0.11374814853610904
54.66109641398438,0.46440730942656255,4.355926905734374,2,5,5,13,10,0.5644073094265626,0.975307250983525
60.38802619574685,0.502586841304979,3.9741315869502096,3,9,4,17,12,0.602586841304979,0.5299212078997931
58.37097895021756,0.48913985966811707,4.108601403318829,2,7,4,28,5,0.5891398596681171,0.7884164240420112
48.17461923643123,0.4211641282428748,4.788358717571252,2,3,1,27,2,0.5211641282428747,0.29320517893003406
59.051171630871806,0.4936744775391454,4.063255224608546,3,1,4,26,3,0.5936744775391454,0.2907274952044918
52.88209383690848,0.45254729224605655,4.474527077539435,1,13,6,19,2,0.5525472922460565,0.3998294864094434
60.12256281054431,0.5008170854036287,3.9918291459637127,3,22,6,21,0,0.6008170854036287,0.729662072752644
42.548107252241834,0.3836540483482789,5.163459516517211,1,25,3,22,12,0.48365404834827885,0.46692672596100826
78.29060701746079,0.6219373801164053,2.7806261988359475,3,18,2,24,14,0.7219373801164053,0.13810725661404377
48.537563054269796,0.423583753695132,4.76416246304868,3,25,5,25,11,0.523583753695132,0.2905660803250636
74.63788084110946,0.5975858722740631,3.0241412772593694,4,7,4,4,14,0.6975858722740631,0.19805483635663212
75.1612687637425,0.6010751250916166,2.989248749083833,2,12,3,3,5,0.7010751250916167,0.15388100920598258
60.74742059320045,0.5049828039546697,3.950171960453303,2,12,3,13,10,0.6049828039546696,0.4579814676834304
73.68570716191441,0.5912380477460961,3.0876195225390397,3,21,4,18,13,0.691238047746096,0.2959115941310523
56.822930924519596,0.4788195394967973,4.211804605032027,1,27,3,26,12,0.5788195394967973,0.9027208090981768
62.01481554421908,0.5134321036281272,3.865678963718728,3,23,5,1,11,0.6134321036281272,0.5406631984784653
46.17244934373207,0.40781632895821374,4.921836710417862,4,16,2,18,7,0.5078163289582137,0.7052290899360785
102.22944061916259,0.7815296041277506,1.1847039587224941,2,22,3,22,2,0.8815296041277505,0.6169145322789926
17.118465989439485,0.2141231065962632,6.858768934037368,0,0,1,24,7,0.3141231065962632,0.31417308388328813
50.647181120481974,0.4376478741365465,4.6235212586345344,4,24,2,4,14,0.5376478741365465,0.9100177884589522
47.266435859744924,0.4151095723982995,4.848904276017005,1,15,1,4,12,0.5151095723982995,0.8989675851293789
61.956781928164,0.5130452128544267,3.869547871455733,0,22,2,17,2,0.6130452128544266,0.8382319412510608
48.888164560069946,0.425921097067133,4.7407890293286705,1,9,1,5,12,0.525921097067133,0.8451137339794316
68.67939313570376,0.5578626209046917,3.4213737909530826,4,6,5,1,13,0.6578626209046917,0.3877536537655871
81.37000655702386,0.642466710380159,2.57533289619841,2,29,6,13,3,0.742466710380159,0.26887952309694674
41.04429281312203,0.3736286187541469,5.263713812458532,4,29,3,24,13,0.47362861875414686,0.6383382927597298
55.54445854373835,0.470296390291589,4.29703609708411,3,29,6,17,12,0.570296390291589,0.4758992273291761
56.809785119722335,0.4787319007981489,4.212680992018511,0,22,2,17,6,0.5787319007981488,0.05789133101809729
91.84694913869635,0.7123129942579756,1.876870057420244,4,21,5,13,10,0.8123129942579757,0.8832294849488156
33.16787300901393,0.3211191533934262,5.7888084660657375,2,20,6,21,13,0.4211191533934262,0.6570315513107255
57.50207792510661,0.48334718616737743,4.166528138326226,1,16,5,13,14,0.5833471861673774,0.6968185870614209
66.10444985396903,0.5406963323597935,3.5930366764020647,4,6,3,13,3,0.6406963323597935,0.487401796209572
54.15336556572383,0.46102243710482554,4.389775628951744,4,25,4,26,7,0.5610224371048255,0.4905956575750319
41.809193767983075,0.3787279584532205,5.212720415467795,2,26,5,22,2,0.47872795845322047,0.9568024137426279
52.763260363910945,0.4517550690927396,4.482449309072604,3,10,3,2,12,0.5517550690927396,0.5487335789703345
47.37188672883801,0.41581257819225337,4.841874218077466,3,0,2,19,11,0.5158125781922533,0.559729058428895
63.94190722985254,0.5262793815323503,3.7372061846764972,1,2,3,27,7,0.6262793815323502,0.5637622973810548
52.395307785152205,0.4493020519010147,4.506979480989853,4,9,4,26,6,0.5493020519010147,0.6514913770093361
76.5600022423054,0.6104000149487027,2.8959998505129736,4,1,4,23,9,0.7104000149487026,0.9631632703345986
69.7370457577627,0.5649136383850847,3.350863616149153,3,11,2,10,7,0.6649136383850847,0.8680406049224496
42.15976172533464,0.3810650781688976,5.189349218311024,1,23,6,29,0,0.4810650781688976,0.8542839873741832
70.67329659072162,0.5711553106048108,3.2884468939518916,4,10,3,16,11,0.6711553106048108,0.7275909117925661
66.52666944624724,0.5435111296416483,3.5648887035835175,1,16,3,1,1,0.6435111296416482,0.7977173350304675
65.4053939399495,0.5360359595996634,3.6396404040033663,2,20,2,20,3,0.6360359595996634,0.5190096162295909
38.88242410107769,0.3592161606738513,5.407838393261487,1,21,6,5,6,0.4592161606738513,0.8360782688085475
67.42087163920753,0.5494724775947168,3.5052752240528315,1,11,6,29,10,0.6494724775947168,0.9246951210901041
84.22510973092787,0.661500731539519,2.3849926846048093,2,17,4,10,14,0.761500731539519,0.38076736307994596
48.36054055468215,0.422403603697881,4.77596396302119,4,9,6,16,4,0.522403603697881,0.6153290465089509
46.213505671744585,0.40809003781163056,4.919099621883694,4,5,1,19,5,0.5080900378116305,0.9598378229440342
62.97915270037152,0.5198610180024767,3.801389819975232,3,1,4,2,5,0.6198610180024768,0.18996891941043448
74.49030149524954,0.5966020099683302,3.033979900316697,1,26,3,8,3,0.6966020099683303,0.4152207692086022
42.5982295479266,0.3839881969861773,5.160118030138227,3,9,2,26,13,0.4839881969861773,0.8151253796317318
47.79635280377791,0.418642352025186,4.813576479748139,1,0,4,27,11,0.5186423520251859,0.2985581133933233
72.77185981550372,0.5851457321033581,3.148542678966419,2,8,4,2,6,0.685145732103358,0.5066010951414558
44.399059155503174,0.3959937277033545,5.040062722966455,2,1,6,4,10,0.4959937277033545,0.29274159173003855
67.34033622298497,0.5489355748198999,3.510644251801002,3,14,2,13,7,0.6489355748198997,0.6406615169169231
41.93862090243636,0.3795908060162424,5.204091939837576,0,26,5,18,12,0.4795908060162424,0.35639045654188506
32.057709370529494,0.3137180624701966,5.862819375298034,3,17,6,7,1,0.4137180624701966,0.39332823725686306
58.124820489803966,0.48749880326535977,4.125011967346402,2,28,3,2,8,0.5874988032653597,0.9415376686966678
52.12890767873496,0.4475260511915664,4.524739488084336,3,2,3,18,1,0.5475260511915664,0.32529610828243105
79.9035027352518,0.6326900182350121,2.673099817649879,4,13,4,1,8,0.732690018235012,0.1666215872295953
63.74314091354062,0.5249542727569375,3.7504572724306255,2,8,4,29,14,0.6249542727569375,0.8853150893642445
60.418819902255805,0.5027921326817053,3.9720786731829465,4,8,4,19,5,0.6027921326817053,0.3352728085439175
66.67112749316588,0.5444741832877725,3.5552581671222745,2,11,1,2,12,0.6444741832877725,0.5414524136554948
54.90272578218413,0.4660181718812275,4.339818281187725,3,18,3,24,14,0.5660181718812275,0.8836667190764302
63.233235406410465,0.5215549027094031,3.7844509729059688,4,9,4,22,11,0.6215549027094031,0.378040907127249
81.78488926001629,0.6452325950667752,2.547674049332248,2,26,6,6,7,0.7452325950667752,0.07129358153370224
50.12944977975933,0.4341963318650622,4.658036681349378,3,12,6,17,10,0.5341963318650622,0.9972523583582982
53.2078465962675,0.45471897730845,4.4528102269155,0,10,4,8,0,0.55471897730845,0.4661251719854357
64.70797688687408,0.5313865125791605,3.686134874208395,0,18,2,19,8,0.6313865125791605,0.6747779180762113
66.85080829667393,0.5456720553111596,3.5432794468884046,3,2,3,15,9,0.6456720553111596,0.4535816357817082
44.97792280415757,0.3998528186943838,5.0014718130561615,0,27,3,27,6,0.4998528186943838,0.15693383197131627
74.7892829440466,0.5985952196269774,3.014047803730226,2,0,3,16,5,0.6985952196269773,0.9722479444845024
74.92228012957395,0.599481867530493,3.00518132469507,2,18,6,13,11,0.699481867530493,0.7857199560820557
43.51151082615962,0.3900767388410642,5.0992326115893585,3,20,4,11,1,0.4900767388410642,0.5240628358817181
40.31849470977331,0.3687899647318221,5.312100352681779,3,29,2,3,3,0.46878996473182205,0.29380107002645106
72.51020336208205,0.5834013557472136,3.1659864425278634,1,10,4,25,9,0.6834013557472136,0.9352918161010753
26.181531282131303,0.2745435418808754,6.2545645811912465,1,15,3,9,6,0.37454354188087535,0.7743186133889745
51.04751170898156,0.4403167447265437,4.596832552734563,1,12,6,17,14,0.5403167447265437,0.04482995546596602
57.5346246151998,0.483564164101332,4.1643583589866795,4,8,1,4,12,0.583564164101332,0.8863707358177945
61.2063267282393,0.5080421781882619,3.9195782181173806,3,6,5,6,1,0.6080421781882619,0.06262175942284098
75.00204793419196,0.6000136528946132,2.999863471053869,0,13,2,16,4,0.700013652894613,0.8012435560344905
92.92048767808701,0.7194699178539135,1.805300821460866,3,20,1,7,10,0.8194699178539134,0.16450630689492685
51.363217355964224,0.4424214490397615,4.575785509602385,3,25,5,17,12,0.5424214490397614,0.03725023652625081
49.58681207961139,0.43057874719740924,4.694212528025908,3,6,3,21,14,0.5305787471974093,0.12973741832729802
47.019912579808015,0.41346608386538675,4.8653391613461325,1,2,1,29,4,0.5134660838653867,0.3223347081394258
74.24319024018664,0.5949546016012442,3.050453983987558,4,12,3,19,9,0.6949546016012442,0.3193497161894998
59.064920287713846,0.4937661352514256,4.062338647485744,4,18,6,15,11,0.5937661352514256,0.4904627802872874
53.443349346390555,0.4562889956426037,4.437110043573963,3,6,5,19,13,0.5562889956426037,0.526659048616914
37.320466099331455,0.34880310732887637,5.511968926711236,3,25,2,10,5,0.44880310732887635,0.7974898022929119
65.60582036979116,0.5373721357986078,3.6262786420139226,2,2,3,15,12,0.6373721357986077,0.8741758017279962
77.33922658300231,0.6155948438866822,2.8440515611331785,4,24,1,29,10,0.7155948438866822,0.7368133270412471
58.50885011965048,0.4900590007976699,4.099409992023301,2,19,2,25,8,0.5900590007976698,0.15855398071460935
78.40975300607991,0.6227316867071994,2.772683132928006,0,10,3,23,5,0.7227316867071993,0.9249236304639554
50.25350147491654,0.43502334316611024,4.649766568338897,0,7,1,27,5,0.5350233431661102,0.07401932349246321
47.015895087363276,0.41343930058242184,4.865606994175781,2,17,5,7,2,0.5134393005824218,0.6212211028214514
78.8208670148913,0.625472446765942,2.745275532340579,4,1,3,3,9,0.725472446765942,0.013709431206261002
71.30092722394807,0.5753395148263205,3.2466048517367954,2,5,2,10,5,0.6753395148263205,0.36358761109521476
26.092594007387383,0.27395062671591586,6.260493732840841,2,14,6,20,0,0.37395062671591583,0.8872193036925287
42.66860515562126,0.38445736770414174,5.155426322958583,0,17,6,12,1,0.4844573677041417,0.3859374449128705
57.18634937401296,0.48124232916008647,4.187576708399136,4,29,6,21,14,0.5812423291600864,0.37953994917218503
63.31373382907619,0.522091558860508,3.7790844113949205,3,8,4,28,14,0.6220915588605079,0.3380655187609052
78.93524278828346,0.6262349519218897,2.7376504807811024,1,1,1,3,1,0.7262349519218897,0.5284408182700753
66.43397414616942,0.5428931609744628,3.5710683902553724,1,24,5,16,11,0.6428931609744628,0.22032116360188858
53.787888589764975,0.4585859239317665,4.414140760682335,4,6,5,9,9,0.5585859239317665,0.7900852086423539
65.49470233960105,0.5366313489306737,3.6336865106932636,2,16,2,20,2,0.6366313489306736,0.5032721344689265
75.96733388764468,0.6064488925842979,2.935511074157021,0,15,1,17,5,0.7064488925842979,0.10595280099009707
60.65289167427069,0.5043526111618046,3.9564738883819537,0,12,5,1,4,0.6043526111618046,0.18623850208717574
44.29553038394296,0.39530353589295303,5.04696464107047,3,28,3,21,6,0.495303535892953,0.2753536078519244
48.270484332446664,0.4218032288829777,4.781967711170222,3,26,1,2,12,0.5218032288829777,0.06168743511676755
72.14107540464423,0.5809405026976282,3.190594973023718,2,3,6,29,7,0.6809405026976282,0.17571126073035337
46.90247555596332,0.41268317037308877,4.873168296269112,3,9,4,27,11,0.5126831703730887,0.4154652116416089
41.020151551263965,0.3734676770084264,5.265323229915736,4,26,3,19,6,0.4734676770084264,0.26080423228738114
67.49278293841324,0.5499518862560883,3.500481137439117,3,24,4,19,2,0.6499518862560882,0.3720015248911934
55.123299405117365,0.46748866270078243,4.325113372992176,1,1,1,5,2,0.5674886627007824,0.8857516328520281
63.43976762940304,0.5229317841960203,3.770682158039797,1,29,4,23,6,0.6229317841960202,0.9070150134848103
64.7574735649963,0.5317164904333087,3.6828350956669134,1,22,4,6,6,0.6317164904333087,0.12196339691185165
68.51280491646506,0.5567520327764337,3.432479672235663,3,0,5,27,9,0.6567520327764337,0.6444404451662795
83.88134682301576,0.6592089788201051,2.4079102117989493,0,21,5,17,7,0.7592089788201051,0.29309073575990974
57.47992592951437,0.4831995061967625,4.168004938032375,2,8,3,9,0,0.5831995061967624,0.2799158962977947
48.493127277472595,0.4232875151831506,4.767124848168494,2,29,6,13,9,0.5232875151831506,0.16463404672217985
51.19307172984502,0.4412871448656335,4.587128551343666,1,22,6,24,4,0.5412871448656335,0.8967581916759793
78.8925330718939,0.6259502204792926,2.740497795207074,3,0,5,2,9,0.7259502204792926,0.8995275128881847
82.63325345716078,0.6508883563810719,2.491116436189281,2,23,1,1,10,0.7508883563810719,0.21371866987208543
41.13483908064559,0.37423226053763725,5.257677394623627,1,12,2,15,13,0.47423226053763723,0.18377625023687572
59.08169826414483,0.4938779884276322,4.061220115723678,2,3,5,13,3,0.5938779884276322,0.705077151584166
44.11841697266157,0.3941227798177438,5.058772201822562,2,29,4,2,13,0.4941227798177438,0.7073439947126753
61.25746040909369,0.5083830693939579,3.9161693060604206,1,6,2,19,8,0.6083830693939579,0.8941226329163462
59.508111733952276,0.4967207448930152,4.032792551069848,3,17,6,14,0,0.5967207448930152,0.2677224790014947
39.88102945574479,0.36587352970496523,5.3412647029503475,3,20,4,21,13,0.4658735297049652,0.32149796528764885
56.772623388336235,0.4784841559222416,4.215158440777584,3,4,1,11,7,0.5784841559222416,0.407914426633467
38.54508044972344,0.35696720299815626,5.430327970018437,4,10,1,20,2,0.45696720299815624,0.8909112425332208
64.30654307979897,0.5287102871986599,3.712897128013402,4,19,4,10,6,0.6287102871986598,0.8536942491838343
75.90869593055106,0.6060579728703404,2.939420271296596,3,19,2,2,8,0.7060579728703404,0.9734565193927183
76.68730455045117,0.6112486970030078,2.887513029969922,4,0,5,2,12,0.7112486970030077,0.3048653584034545
63.8016200134773,0.525344133423182,3.74655866576818,0,17,4,19,1,0.625344133423182,0.5823331187067957
74.00072433657992,0.5933381622438662,3.0666183775613387,2,1,4,21,14,0.6933381622438661,0.14461103872961933
69.97501426979953,0.5665000951319968,3.3349990486800314,3,14,4,6,7,0.6665000951319968,0.8094852191270104
78.10393416595255,0.6206928944396837,2.7930710556031633,2,9,4,19,9,0.7206928944396837,0.37185642321028556
80.56390213530632,0.6370926809020422,2.629073190979579,0,10,3,24,5,0.7370926809020422,0.03484618383781657
86.44062185348236,0.6762708123565491,2.2372918764345098,3,8,4,4,13,0.776270812356549,0.6419871335118948
59.06248487016313,0.49374989913442086,4.062501008655791,2,13,6,14,11,0.5937498991344209,0.6101813983875037
60.150598918399055,0.5010039927893271,3.9899600721067294,2,27,5,7,1,0.601003992789327,0.07797666873774733
84.60755005998331,0.664050333733222,2.35949666266778,4,24,5,20,0,0.7640503337332221,0.6088952899495068
49.956606546789196,0.4330440436452613,4.669559563547387,2,9,2,17,2,0.5330440436452613,0.17894802469251103
65.67242906593899,0.5378161937729266,3.6218380622707342,1,1,1,6,12,0.6378161937729265,0.12644906752481977
37.01728346831784,0.34678188978878566,5.532181102112144,1,28,2,4,1,0.44678188978878564,0.2315482177996273
80.35551244782206,0.6357034163188138,2.6429658368118623,0,20,5,15,11,0.7357034163188138,0.6342498006207573
34.11752038085882,0.32745013587239213,5.725498641276078,2,0,2,18,9,0.4274501358723921,0.6383351247028448
64.16262073561971,0.5277508049041314,3.722491950958686,3,11,6,3,3,0.6277508049041314,0.12236214490702446
57.43952819128757,0.4829301879419171,4.170698120580829,1,14,6,17,11,0.5829301879419171,0.34062631253747655
57.654489128006226,0.48436326085337483,4.156367391466252,0,22,1,25,13,0.5843632608533749,0.390694653044101
39.231803983443584,0.3615453598896239,5.384546401103761,2,3,5,20,2,0.46154535988962386,0.24768714956932703
57.238000369457815,0.48158666912971876,4.184133308702812,2,6,5,10,8,0.5815866691297188,0.20611662010338638
50.63181157689881,0.4375454105126587,4.624545894873413,1,21,3,26,9,0.5375454105126587,0.9208685342582085
44.0519111457625,0.3936794076384167,5.0632059236158335,0,16,4,6,1,0.49367940763841667,0.8794394050314198
71.91589374867381,0.5794392916578254,3.2056070834217465,4,18,2,2,14,0.6794392916578254,0.07188738681848694
72.74062253805349,0.5849374835870234,3.1506251641297673,2,0,6,24,9,0.6849374835870232,0.32536235339908093
84.79317499144837,0.6652878332763225,2.3471216672367756,2,3,1,25,6,0.7652878332763224,0.0012634703789983215
68.39821436763302,0.5559880957842201,3.4401190421577987,3,21,5,26,1,0.6559880957842201,0.7482098116435729
55.513662701000165,0.47009108467333444,4.299089153266656,0,20,5,5,11,0.5700910846733345,0.9821657624369445
42.75459062157869,0.3850306041438579,5.1496939585614205,1,13,1,28,5,0.4850306041438579,0.2836640322817856
62.21635657766115,0.514775710517741,3.8522428948225897,0,15,1,13,13,0.6147757105177409,0.03906639537906842
36.41071847233543,0.3427381231489029,5.572618768510971,3,19,2,21,14,0.4427381231489029,0.6892452484687861
56.34198593163779,0.4756132395442519,4.243867604557481,4,24,2,21,0,0.5756132395442519,0.8313180849933083
68.42262727107268,0.5561508484738179,3.4384915152618207,4,9,5,15,2,0.6561508484738179,0.8677207314820071
65.48026949576561,0.5365351299717707,3.634648700282293,3,4,3,1,1,0.6365351299717708,0.20288759736346562
61.35926521279821,0.5090617680853214,3.909382319146786,4,9,3,12,5,0.6090617680853214,0.4628021091017628
47.39274002938568,0.4159516001959045,4.840483998040955,2,22,4,2,11,0.5159516001959045,0.011223940940440436
58.20780400156681,0.48805202667711206,4.1194797332288795,1,26,6,2,1,0.588052026677112,0.38199920650255614
84.25186301669169,0.6616790867779446,2.3832091322205535,3,27,2,7,6,0.7616790867779446,0.4900426454422474
76.19967919864848,0.6079978613243232,2.9200213867567677,0,13,2,12,14,0.7079978613243232,0.5849265763729189
58.13883502247523,0.48759223348316816,4.124077665168318,3,22,1,27,7,0.5875922334831681,0.518956863088168
58.29368550100743,0.4886245700067162,4.113754299932838,1,19,3,6,1,0.5886245700067162,0.5490379444364635
69.7994407915362,0.565329605276908,3.3467039472309197,1,12,2,26,10,0.665329605276908,0.24598149236219824
42.045397503803855,0.380302650025359,5.196973499746409,0,0,3,18,3,0.480302650025359,0.6038897273550902
61.33712611508066,0.5089141741005377,3.910858258994623,3,15,4,22,2,0.6089141741005377,0.4308777817018955
55.82658634963193,0.47217724233087954,4.278227576691204,3,13,3,19,6,0.5721772423308795,0.793982360189019
52.00805862901906,0.44672039086012705,4.53279609139873,3,26,5,18,3,0.546720390860127,0.004781725902158085
86.110598695628,0.6740706579708533,2.259293420291467,2,16,5,28,14,0.7740706579708533,0.32218445349527736
55.65964079948289,0.47106427199655254,4.289357280034475,0,22,5,20,9,0.5710642719965525,0.1597313931988037
52.705803595666524,0.4513720239711102,4.486279760288898,1,16,5,8,7,0.5513720239711102,0.673712920729062
61.41480286743632,0.5094320191162421,3.905679808837579,1,10,3,19,3,0.6094320191162421,0.6717017666991291
47.75868829346264,0.41839125528975096,4.816087447102491,1,18,1,5,10,0.5183912552897509,0.11627171243029866
63.61112331539348,0.5240741554359565,3.759258445640435,3,12,6,7,5,0.6240741554359565,0.4430080381592483
48.652490855932044,0.42434993903954693,4.75650060960453,3,13,4,10,7,0.524349939039547,0.7937752293390837
51.8437208242601,0.44562480549506733,4.543751945049326,1,29,6,5,0,0.5456248054950673,0.4772469148871955
61.75266537851442,0.5116844358567628,3.883155641432372,0,21,4,14,3,0.6116844358567628,0.6364521911648898
47.46764534316503,0.41645096895443356,4.835490310455665,1,2,1,23,1,0.5164509689544335,0.7015465736816311
47.57909757295548,0.4171939838197032,4.828060161802968,4,7,1,29,6,0.5171939838197032,0.44013260828974854
61.71181971033402,0.5114121314022269,3.885878685977732,1,29,5,27,12,0.6114121314022268,0.6732822547333858
56.59643491832226,0.4773095661221484,4.226904338778516,2,9,6,9,10,0.5773095661221483,0.7125262997515502
34.87609428791251,0.33250729525275,5.674927047472499,2,18,3,23,9,0.43250729525275,0.9819529776413065
59.6781578613449,0.49785438574229934,4.021456142577007,3,23,6,4,10,0.5978543857422993,0.9238196753193172
76.60280537227123,0.6106853691484749,2.8931463085152505,3,12,1,23,5,0.7106853691484749,0.22927195721522453
27.567193072218252,0.2837812871481217,6.162187128518783,4,17,5,23,4,0.38378128714812165,0.4883793886169633
65.54304003160355,0.5369536002106904,3.630463997893096,4,18,3,9,6,0.6369536002106904,0.1719188325385539
55.36725254568111,0.4691150169712074,4.308849830287926,0,15,2,2,6,0.5691150169712074,0.6317446225594956
48.488433751605,0.42325622501070004,4.767437749892999,1,21,2,25,5,0.5232562250107,0.5716949459387599
58.60200768448671,0.4906800512299114,4.093199487700886,0,0,2,7,4,0.5906800512299113,0.19919280297377895
63.08987168656356,0.5205991445770904,3.7940085542290958,1,27,5,12,0,0.6205991445770904,0.973846859955965
66.08816367729531,0.5405877578486354,3.5941224215136454,4,21,5,9,5,0.6405877578486354,0.753121698668641
74.41484549487811,0.5960989699658541,3.0390103003414595,0,10,1,25,14,0.6960989699658541,0.30302562711031067
87.98523344455336,0.6865682229636891,2.134317770363109,0,19,5,24,12,0.7865682229636891,0.5636657885296114
31.55895336786594,0.3103930224524396,5.896069775475604,4,26,2,14,9,0.4103930224524396,0.3033774848090697
66.53735900518993,0.5435823933679328,3.564176066320672,4,0,3,25,8,0.6435823933679328,0.2918547717929021
59.99994051951279,0.49999960346341865,4.0000039653658135,2,0,4,27,2,0.5999996034634186,0.6961000343265921
50.92792274312379,0.43951948495415855,4.604805150458414,3,9,2,25,8,0.5395194849541586,0.1523347459833334
102.17454860484227,0.7811636573656151,1.1883634263438485,0,7,1,7,9,0.8811636573656152,0.3108373463587979
56.56175966509506,0.4770783977673004,4.229216022326996,1,5,3,25,11,0.5770783977673004,0.3775475794163795
64.4926914365758,0.5299512762438386,3.700487237561614,2,16,6,28,0,0.6299512762438386,0.05618147316746003
62.64820077335089,0.5176546718223393,3.8234532817766076,2,6,5,19,9,0.6176546718223392,0.41081714582852413
73.49227620784609,0.5899485080523073,3.100514919476927,4,3,4,6,11,0.6899485080523072,0.8023668162878583
40.7530249540802,0.3716868330272013,5.283131669727987,4,29,1,9,4,0.47168683302720127,0.6525748581373679
91.81213709892245,0.7120809139928164,1.8791908600718363,3,7,4,21,13,0.8120809139928163,0.617182266170096
50.90058913553381,0.43933726090355874,4.606627390964412,3,28,4,24,3,0.5393372609035587,0.27293949111425253
72.13926304828524,0.5809284203219016,3.190715796780984,0,27,4,5,11,0.6809284203219016,0.6385377279219893
63.90030201050715,0.526002013403381,3.7399798659661903,4,14,5,29,9,0.626002013403381,0.16233610710319513
59.32634691524467,0.49550897943496447,4.044910205650355,1,7,4,25,9,0.5955089794349645,0.4480590566822418
35.42218605187681,0.33614790701251207,5.638520929874879,0,16,5,8,8,0.43614790701251205,0.5862200189349303
76.93495997057873,0.6128997331371916,2.8710026686280843,2,14,2,6,12,0.7128997331371916,0.07519689088328074
61.10279881666627,0.5073519921111085,3.926480078888915,0,29,5,10,4,0.6073519921111085,0.3112589047822406
51.83588386201498,0.44557255908009985,4.5442744091990015,4,7,2,28,9,0.5455725590800998,0.7246598626000696
57.60948432155149,0.48406322881034325,4.159367711896567,4,6,3,2,9,0.5840632288103432,0.7820633223261125
69.3108974385595,0.5620726495903967,3.3792735040960333,2,4,3,29,0,0.6620726495903967,0.6790274508700074
62.540984123167306,0.5169398941544487,3.830601058455513,4,6,1,6,11,0.6169398941544487,0.7125569848424078
52.103286498421234,0.4473552433228082,4.5264475667719175,0,4,2,4,6,0.5473552433228082,0.485923296442916
80.50670186279908,0.6367113457519938,2.6328865424800614,1,25,2,5,6,0.7367113457519938,0.677568181776441
54.5748833290027,0.4638325555266847,4.361674444733153,0,2,2,15,10,0.5638325555266847,0.15977857923329764
43.306714339795924,0.38871142893197286,5.112885710680271,2,25,3,19,9,0.48871142893197284,0.8585152373112136
63.889125992531326,0.5259275066168755,3.740724933831245,0,17,2,17,0,0.6259275066168755,0.729919604409629
48.32687624619572,0.4221791749746381,4.778208250253619,1,4,2,4,13,0.5221791749746381,0.7305657971996543
65.58214469683467,0.5372142979788979,3.6278570202110214,0,20,4,12,5,0.6372142979788978,0.15811794506863264
62.61137272824439,0.5174091515216293,3.825908484783707,4,1,1,2,7,0.6174091515216292,0.40903144612441444
45.00762318722397,0.4000508212481598,4.9994917875184015,2,5,1,9,3,0.5000508212481598,0.9811186532426763
63.09480796125807,0.5206320530750538,3.793679469249462,2,21,3,4,5,0.6206320530750538,0.32379035658454336
49.37579932891352,0.42917199552609014,4.708280044739098,3,8,6,3,5,0.5291719955260902,0.4294812052199344
72.50185028875153,0.5833456685916769,3.1665433140832313,1,17,1,29,3,0.6833456685916769,0.5633640832210111
79.70723104036257,0.6313815402690839,2.6861845973091616,0,29,1,13,1,0.7313815402690839,0.973557063652228
70.10408396410757,0.5673605597607171,3.326394402392829,0,29,1,24,13,0.6673605597607171,0.1962604179721249
54.904879973283904,0.466032533155226,4.33967466844774,2,19,5,3,3,0.566032533155226,0.6782883539648917
59.534449466153085,0.4968963297743539,4.031036702256461,4,19,3,19,1,0.5968963297743538,0.8640762738834985
60.89630130530822,0.5059753420353882,3.940246579646119,4,2,3,23,5,0.6059753420353882,0.10487862194365727
48.236489539843106,0.4215765969322874,4.784234030677126,2,17,6,23,4,0.5215765969322874,0.3264921351944702
43.77310215754653,0.3918206810503102,5.081793189496898,0,20,1,15,0,0.4918206810503102,0.8954162522981879
62.923639892153794,0.5194909326143586,3.8050906738564136,4,6,5,7,7,0.6194909326143586,0.08320335735144146
37.791849175633054,0.351945661170887,5.48054338829113,1,22,6,22,2,0.45194566117088697,0.044162273017072984
54.7800765498567,0.465200510332378,4.347994896676219,0,12,3,25,9,0.565200510332378,0.5220885925565582
50.325940956605535,0.43550627304403694,4.64493726955963,2,13,6,9,2,0.5355062730440369,0.5476365027007973
76.14689244865201,0.6076459496576802,2.923540503423199,2,26,3,22,13,0.7076459496576801,0.6850721021583104
41.18863926299228,0.3745909284199485,5.254090715800515,4,26,2,5,6,0.4745909284199485,0.9226874640151992
55.974780862199495,0.47316520574799664,4.268347942520034,0,25,3,28,12,0.5731652057479966,0.6270339867968711
46.34185929010007,0.4089457286006671,4.910542713993329,3,13,1,1,2,0.5089457286006671,0.14455750421786728
73.68735598969579,0.5912490399313053,3.087509600686947,1,10,3,13,2,0.6912490399313053,0.2881196378461446
40.6735315518084,0.371156877012056,5.28843122987944,0,1,4,24,7,0.471156877012056,0.88102333056951
61.25411038443572,0.5083607358962381,3.9163926410376186,0,18,3,7,6,0.6083607358962381,0.5225090965109549
74.94942728666472,0.5996628485777649,3.0033715142223523,0,10,4,17,12,0.6996628485777647,0.7775249241478229
34.258294599647925,0.32838863066431956,5.716113693356805,0,21,6,1,9,0.42838863066431954,0.29883632984116437
39.37781145911097,0.3625187430607398,5.374812569392602,0,17,4,8,7,0.46251874306073976,0.9262213047848306
50.827151340250765,0.4388476756016717,4.6115232439832825,0,25,5,29,5,0.5388476756016717,0.06800080675613207
43.957885146240585,0.3930525676416039,5.069474323583961,4,27,5,14,2,0.4930525676416039,0.8301870222043516
58.516205074261975,0.49010803382841317,4.098919661715868,3,24,3,23,10,0.5901080338284131,0.5296023163101358
84.73602395796415,0.6649068263864277,2.350931736135723,1,23,2,29,8,0.7649068263864277,0.08643488941909805
48.101595011234174,0.4206773000748945,4.793226999251055,4,1,6,16,1,0.5206773000748944,0.9342519551239648
68.5356623218379,0.5569044154789193,3.4309558452108067,1,16,5,25,8,0.6569044154789193,0.9174339539361115
61.78455681133439,0.5118970454088959,3.8810295459110407,0,16,3,14,7,0.6118970454088959,0.14696882354469643
66.95814863340368,0.5463876575560245,3.536123424439755,0,8,4,10,3,0.6463876575560245,0.6556066235197588
44.618005556165336,0.39745337037443557,5.025466296255644,2,17,5,9,6,0.49745337037443554,0.8973875608578095
48.62650653953126,0.42417671026354176,4.758232897364582,1,29,2,10,5,0.5241767102635417,0.2912825381612285
66.31021088558899,0.5420680725705932,3.579319274294068,2,19,3,20,9,0.6420680725705932,0.7876205194170165
54.41036198705265,0.462735746580351,4.37264253419649,3,2,4,4,12,0.562735746580351,0.6441409198939032
70.08942605665166,0.5672628403776777,3.327371596223223,2,27,1,1,2,0.6672628403776777,0.1550628181396303
60.761636735986194,0.505077578239908,3.9492242176009205,0,2,5,27,4,0.6050775782399079,0.425927001335092
53.274150585867204,0.45516100390578135,4.448389960942187,0,22,3,29,2,0.5551610039057814,0.06953889599869811
91.94979013512499,0.7129986009008332,1.870013990991668,2,20,2,13,14,0.8129986009008332,0.17306350272019622
47.12421222095028,0.41416141480633517,4.8583858519366485,0,20,6,17,10,0.5141614148063351,0.9357197148621118
30.35604573001423,0.3023736382000949,5.976263617999051,2,2,4,5,3,0.40237363820009486,0.9642111968334941
72.29280267941914,0.5819520178627943,3.1804798213720575,0,3,2,28,0,0.6819520178627942,0.9631168754627847
72.06228356506149,0.5804152237670765,3.195847762329234,4,2,4,23,11,0.6804152237670765,0.1176011842497462
53.87037929814673,0.4591358619876449,4.408641380123552,4,21,3,18,3,0.5591358619876449,0.4457239463275309
32.41774303254448,0.31611828688362986,5.838817131163701,2,29,2,29,13,0.41611828688362984,0.4844449692210313
70.56091145486603,0.5704060763657736,3.2959392363422646,3,10,6,17,6,0.6704060763657735,0.3283211298531802
58.89159791153501,0.49261065274356675,4.0738934725643325,3,10,6,6,6,0.5926106527435667,0.43531566759597784
66.78842401699943,0.5452561601133296,3.5474383988667046,1,15,1,4,11,0.6452561601133295,0.20342744955081427
23.18321687042571,0.2545547791361714,6.454452208638286,1,20,6,22,12,0.3545547791361714,0.08358381081676403
67.883548795335,0.5525569919689001,3.4744300803109995,2,3,3,2,12,0.6525569919689,0.2540573268794373
55.40550210777232,0.4693700140518155,4.306299859481845,0,18,3,17,12,0.5693700140518154,0.11215156599250298
74.75034371150716,0.598335624743381,3.01664375256619,0,21,5,6,8,0.698335624743381,0.42974430970976774
45.554895338505915,0.4036993022567061,4.963006977432939,2,5,3,12,3,0.503699302256706,0.06443773595804037
81.46631259700601,0.6431087506467068,2.5689124935329324,4,12,2,3,7,0.7431087506467068,0.4081490875878392
53.39798552903554,0.45598657019357025,4.440134298064297,2,14,2,27,14,0.5559865701935702,0.3086376324025022
40.21670944626416,0.36811139630842776,5.318886036915722,2,3,5,25,2,0.46811139630842774,0.28118582630403854
63.478774615098644,0.5231918307673242,3.7680816923267573,3,25,5,12,8,0.6231918307673242,0.7520445631212969
81.68381225308993,0.6445587483539329,2.5544125164606717,4,3,4,19,12,0.7445587483539329,0.7504206881744521
72.19947900303947,0.5813298600202631,3.1867013997973688,0,2,4,17,3,0.6813298600202631,0.130696062448584
50.249978081297954,0.4349998538753197,4.650001461246803,3,22,2,28,3,0.5349998538753197,0.30338665672016074
80.20754879055924,0.6347169919370617,2.652830080629384,1,13,6,8,11,0.7347169919370616,0.48346121539675435
63.57388065730979,0.5238258710487319,3.7617412895126807,4,24,2,25,6,0.6238258710487319,0.8428929518286059
56.10702629000349,0.4740468419333566,4.259531580666434,2,24,6,12,9,0.5740468419333566,0.18941624563871484
78.97057169260506,0.6264704779507004,2.7352952204929952,0,27,1,25,9,0.7264704779507004,0.0902440034634786
49.14147688069434,0.4276098458712956,4.723901541287044,0,1,5,20,8,0.5276098458712956,0.7594935630691764
99.18512900790431,0.7612341933860287,1.3876580661397129,2,20,4,7,10,0.8612341933860287,0.21925259785306506
59.32783432631721,0.4955188955087814,4.044811044912186,4,6,2,12,10,0.5955188955087813,0.5575642686651906
60.32556171715614,0.5021704114477076,3.978295885522924,4,12,1,3,9,0.6021704114477076,0.9218932029800305
59.91706695357998,0.4994471130238665,4.005528869761335,0,4,5,10,5,0.5994471130238666,0.6616234233813748
66.08902781076549,0.5405935187384366,3.594064812615634,2,7,2,15,8,0.6405935187384366,0.5165192308732971
77.24817394784381,0.6149878263189587,2.8501217368104133,4,23,6,20,3,0.7149878263189586,0.5364413612757196
79.63364381624581,0.630890958774972,2.69109041225028,4,8,5,15,12,0.730890958774972,0.7620801620440887
70.40396654255665,0.5693597769503776,3.306402230496224,2,21,2,29,3,0.6693597769503776,0.2803114624678953
51.88339289302253,0.44588928595348354,4.541107140465165,0,27,1,12,14,0.5458892859534835,0.5566386632978503
44.90758256595193,0.39938388377301287,5.006161162269871,4,4,6,27,5,0.49938388377301285,0.990218823093007
63.351222667859986,0.5223414844523999,3.7765851554760013,1,8,4,14,13,0.6223414844523999,0.1371519988133879
85.29446922980884,0.6686297948653923,2.3137020513460778,0,19,4,1,0,0.7686297948653922,0.33595191544877867
74.71076775636176,0.5980717850424118,3.019282149575883,2,23,2,23,13,0.6980717850424116,0.22033292003245453
47.60045479610382,0.4173363653073588,4.826636346926412,3,18,3,19,13,0.5173363653073588,0.592583610189977
54.88479948910659,0.4658986632607106,4.341013367392894,1,18,1,7,11,0.5658986632607106,0.7767641277802333
61.09114186186128,0.5072742790790752,3.9272572092092477,2,27,3,16,13,0.6072742790790752,0.8147459605522517
38.97318712760354,0.3598212475173569,5.401787524826431,2,21,5,2,11,0.45982124751735687,0.6688590745730654
59.13458167345947,0.4942305444897298,4.057694555102702,3,25,2,26,9,0.5942305444897298,0.12235141087901413
65.56621853148799,0.5371081235432532,3.6289187645674676,1,22,1,14,11,0.6371081235432532,0.022713930429327678
43.82403545040157,0.3921602363360105,5.078397636639895,4,8,1,28,0,0.49216023633601047,0.17516334170564873
97.48134830660075,0.7498756553773384,1.5012434462266162,2,28,3,25,1,0.8498756553773383,0.6116890558955451
60.52670505049584,0.5035113670033056,3.964886329966944,0,6,2,14,11,0.6035113670033055,0.14237194284021526
65.98041766600937,0.5398694511067292,3.601305488932708,3,15,6,11,14,0.6398694511067292,0.6074706592396999
94.34940825217535,0.7289960550145024,1.7100394498549765,1,22,5,3,7,0.8289960550145024,0.27072221032573485
56.47930588745247,0.4765287059163498,4.234712940836502,1,22,6,23,9,0.5765287059163497,0.7380844915676088
77.55505119660279,0.6170336746440186,2.8296632535598136,3,17,2,23,5,0.7170336746440187,0.331005129146996
42.35730092270234,0.382382006151349,5.17617993848651,4,22,2,22,13,0.48238200615134896,0.8842867514742034
65.32793341599894,0.5355195561066597,3.6448044389334036,1,0,5,17,6,0.6355195561066597,0.040103293653617755
64.27048786170194,0.5284699190780129,3.715300809219871,3,0,1,22,0,0.6284699190780129,0.5927717565892531
78.33908021351347,0.6222605347567565,2.7773946524324353,4,9,3,1,11,0.7222605347567564,0.009157320567520943
62.72766977503322,0.5181844651668881,3.818155348331119,0,20,6,12,0,0.6181844651668881,0.1254374506507262
64.10491862214968,0.5273661241476646,3.726338758523354,0,15,4,24,7,0.6273661241476646,0.8137332527035168
45.36372911172027,0.40242486074480177,4.975751392551982,3,17,4,1,9,0.5024248607448017,0.17706019068552503
70.09613954410486,0.5673075969606991,3.326924030393009,2,26,5,3,11,0.6673075969606991,0.03332693316011881
52.76555797870221,0.4517703865246814,4.482296134753186,4,19,4,17,6,0.5517703865246814,0.1073064842967073
67.37799933036668,0.5491866622024446,3.5081333779755544,2,2,6,14,8,0.6491866622024445,0.002910725878539022
46.924945328928196,0.4128329688595213,4.871670311404787,2,1,2,18,9,0.5128329688595212,0.0203770805314899
49.735945041358576,0.43157296694239056,4.684270330576094,3,6,1,2,10,0.5315729669423905,0.7914293696085271
48.470199042396736,0.4231346602826449,4.7686533971735505,1,27,1,3,3,0.5231346602826449,0.36646158786419825
63.75383727076285,0.5250255818050856,3.7497441819491435,0,14,6,28,2,0.6250255818050856,0.9506869730084283
65.43905843028851,0.5362603895352567,3.637396104647433,4,7,1,16,5,0.6362603895352567,0.2568811397853681
68.42807159997334,0.5561871439998223,3.4381285600017772,2,10,1,11,1,0.6561871439998223,0.3652566847124997
84.5742482834076,0.6638283218893839,2.3617167811061606,2,8,3,20,5,0.763828321889384,0.2998682983884613
74.31750818094825,0.595450054539655,3.0454994546034495,4,16,2,9,3,0.695450054539655,0.5050004805408115
77.51989297153199,0.6167992864768799,2.8320071352312013,1,9,4,21,9,0.7167992864768798,0.739395812381582
49.76100895774965,0.43174005971833096,4.68259940281669,4,18,4,15,9,0.5317400597183309,0.6719422134263319
69.8598708619111,0.5657324724127407,3.342675275872593,2,14,4,24,7,0.6657324724127407,0.7041024800057936
79.74099274279533,0.6316066182853022,2.683933817146978,0,6,2,6,11,0.7316066182853022,0.9553512868881218
60.94324761697137,0.5062883174464758,3.937116825535242,4,27,6,18,12,0.6062883174464758,0.08860276255061417
53.67686799802823,0.4578457866535215,4.421542133464785,0,1,3,23,9,0.5578457866535215,0.946382682516279
86.56891789333231,0.6771261192888821,2.2287388071111796,4,27,2,18,4,0.7771261192888821,0.3521783610388949
35.299324127501976,0.3353288275166798,5.646711724833202,2,25,3,24,14,0.4353288275166798,0.20790545814123562
47.17070332352992,0.4144713554901995,4.855286445098005,2,5,2,17,14,0.5144713554901994,0.1832011329453741
49.58065505656295,0.43053770037708633,4.694622996229137,1,11,1,12,4,0.5305377003770863,0.6550720949873341
74.99173268151671,0.5999448845434447,3.000551154565553,0,11,1,23,7,0.6999448845434446,0.9724433407032194
61.73546983265135,0.5115697988843423,3.884302011156577,1,18,4,18,10,0.6115697988843423,0.1905804805588034
52.44951377819709,0.4496634251879806,4.503365748120194,1,20,1,19,5,0.5496634251879806,0.5602615001680313
51.819254235660324,0.4454616949044022,4.545383050955978,3,5,4,9,1,0.5454616949044021,0.9139773773354583
58.51926453457155,0.490128430230477,4.09871569769523,0,10,2,14,7,0.590128430230477,0.060812925858417466
31.589373754790557,0.31059582503193706,5.894041749680629,0,0,5,28,13,0.41059582503193703,0.461138606163886
57.570998988150414,0.4838066599210028,4.161933400789972,0,22,4,17,1,0.5838066599210028,0.22023910618657028
56.00936619939931,0.4733957746626621,4.26604225337338,2,14,5,14,7,0.573395774662662,0.05283375187752959
68.0804240701595,0.5538694938010633,3.4613050619893664,2,20,2,17,14,0.6538694938010633,0.8494077374992813
40.44986282635005,0.369665752175667,5.30334247824333,3,28,5,17,10,0.469665752175667,0.5592973875038209
51.2311402840799,0.44154093522719934,4.584590647728007,1,21,2,12,9,0.5415409352271994,0.5012230470667881
81.53009892627742,0.6435339928418495,2.564660071581505,1,19,1,1,5,0.7435339928418495,0.662002246714276
26.844749022701208,0.27896499348467474,6.210350065153253,0,8,2,13,1,0.3789649934846747,0.24645467476548222
61.113608886487945,0.507424059243253,3.92575940756747,3,27,2,7,13,0.6074240592432529,0.6318101546553603
73.3718643756422,0.5891457625042814,3.108542374957186,0,23,4,13,5,0.6891457625042814,0.34744155479760197
41.59315910539962,0.3772877273693308,5.227122726306692,4,19,4,12,12,0.4772877273693308,0.4968304948250145
83.24986546482683,0.6549991030988455,2.450008969011545,4,21,2,27,9,0.7549991030988454,0.1970206187782867
56.621210312586506,0.4774747354172434,4.225252645827566,3,26,6,23,0,0.5774747354172434,0.2458108809165156
85.9367800940185,0.6729118672934568,2.2708813270654327,1,29,5,16,8,0.7729118672934567,0.620283292072567
49.592376079165014,0.43061584052776675,4.693841594722333,2,7,6,14,7,0.5306158405277668,0.8649773232057684
67.6002903894395,0.5506686025962633,3.493313974037367,2,15,3,22,2,0.6506686025962632,0.9169372455187468
91.62412847772816,0.7108275231848544,1.8917247681514557,2,10,2,2,1,0.8108275231848544,0.5600857782017016
75.2781981760565,0.6018546545070433,2.9814534549295666,1,7,4,25,4,0.7018546545070433,0.6837967221851299
80.08987483888374,0.6339324989258917,2.660675010741084,0,16,3,8,1,0.7339324989258916,0.29494826404551544
48.87283892204263,0.4258189261469509,4.741810738530491,1,14,6,29,5,0.5258189261469508,0.8555690085873279
54.87367714144957,0.4658245142763305,4.341754857236696,2,25,3,22,0,0.5658245142763304,0.6508574686243427
53.22039542958003,0.4548026361972002,4.451973638027998,4,10,3,27,0,0.5548026361972002,0.3077470599650506
53.1291979692557,0.4541946531283713,4.458053468716287,0,3,2,2,8,0.5541946531283712,0.3738377256230381
29.141000176721906,0.29427333451147936,6.057266654885206,0,20,3,20,4,0.39427333451147933,0.35105784937792506
47.20692036540337,0.4147128024360225,4.852871975639776,2,11,4,21,13,0.5147128024360225,0.7759668507298153
70.21006492183645,0.5680670994789097,3.319329005210904,0,2,6,28,13,0.6680670994789096,0.4784601081359974
58.14356581187614,0.48762377207917423,4.1237622792082576,4,10,4,28,7,0.5876237720791742,0.6028317485916087
57.61452331091939,0.4840968220727959,4.159031779272041,3,4,5,4,9,0.5840968220727959,0.32747221701573037
70.87011813965873,0.5724674542643915,3.275325457356085,1,27,5,2,8,0.6724674542643915,0.3301008599492946
48.704463982882295,0.42469642655254863,4.753035734474514,2,4,1,1,7,0.5246964265525487,0.6739550058214064
59.335403502179595,0.4955693566811973,4.044306433188027,2,26,2,15,12,0.5955693566811973,0.050849772366864054
56.60197589042314,0.4773465059361543,4.226534940638457,3,13,1,18,5,0.5773465059361542,0.5941419017640515
54.33453632224286,0.46223024214828573,4.377697578517142,4,16,2,11,12,0.5622302421482858,0.8231288649500763
71.81877342851953,0.578791822856797,3.2120817714320307,2,7,6,2,14,0.678791822856797,0.07198926413032125
68.47790557984001,0.5565193705322667,3.4348062946773323,1,10,1,2,1,0.6565193705322667,0.22465765090898282
65.50199843695563,0.5366799895797042,3.633200104202958,1,12,3,12,10,0.6366799895797042,0.565981797730713
69.31803471934907,0.5621202314623271,3.3787976853767288,2,0,6,9,5,0.6621202314623271,0.0895903173030913
50.98393298307216,0.4398928865538144,4.601071134461856,3,17,1,6,12,0.5398928865538144,0.47497494415898744
65.8531722425416,0.5390211482836107,3.609788517163893,1,16,2,4,3,0.6390211482836107,0.16847794472972555
50.53276525451115,0.436885101696741,4.63114898303259,2,4,3,5,4,0.536885101696741,0.7187487153209743
74.15671784403176,0.5943781189602118,3.0562188103978825,0,13,2,10,7,0.6943781189602117,0.13805245321988657
80.71236972767063,0.6380824648511376,2.6191753514886242,2,21,1,28,13,0.7380824648511375,0.03844483747554661
71.38850672935347,0.5759233781956898,3.240766218043102,0,23,3,9,14,0.6759233781956898,0.9095474164725033
47.89131793499511,0.41927545289996737,4.807245471000326,3,0,6,18,9,0.5192754528999673,0.9515827489009039
37.714056337661525,0.3514270422510768,5.485729577489232,4,25,4,2,6,0.45142704225107677,0.01203713257142125
49.053454126978295,0.4270230275131886,4.729769724868114,2,0,3,1,14,0.5270230275131886,0.2670287048208284
55.16480983762429,0.46776539891749525,4.322346010825047,3,12,3,7,5,0.5677653989174952,0.19839860319497493
79.68696972664699,0.6312464648443132,2.687535351556867,1,14,6,29,1,0.7312464648443133,0.34428397677509326
47.02568474095673,0.4135045649397115,4.8649543506028845,0,1,4,16,7,0.5135045649397115,0.1355459072588654
65.90681987055973,0.5393787991370649,3.606212008629351,3,16,5,3,7,0.6393787991370649,0.7026401315423253
51.355200839253826,0.44236800559502554,4.576319944049745,1,0,6,15,9,0.5423680055950255,0.6914155461143001
50.54735530088702,0.4369823686725801,4.630176313274199,4,25,3,13,12,0.5369823686725801,0.6926517300955759
86.2915593421875,0.6752770622812501,2.2472293771875,4,9,5,7,6,0.77527706228125,0.793610046200669
55.840057274654605,0.47226704849769735,4.277329515023027,1,14,3,1,13,0.5722670484976974,0.8329316674769519
58.306841082199306,0.4887122738813287,4.112877261186713,2,12,6,23,9,0.5887122738813286,0.9743151539156274
35.484570191058104,0.33656380127372065,5.634361987262793,1,5,3,21,10,0.43656380127372063,0.8803341456046077
61.42591440951618,0.5095060960634412,3.904939039365588,4,10,1,1,7,0.6095060960634412,0.8398623857913539
40.26963341013324,0.3684642227342215,5.3153577726577845,0,2,5,14,1,0.4684642227342215,0.30274028576851797
56.12057395572893,0.47413715970485953,4.2586284029514045,4,10,6,14,9,0.5741371597048595,0.33805437224954293
79.2243867255275,0.6281625781701834,2.718374218298167,1,13,3,18,14,0.7281625781701833,0.4898208962426436
70.6047027170726,0.5706980181138174,3.2930198188618265,1,5,3,14,10,0.6706980181138174,0.342121705149911
69.14850887594505,0.5609900591729671,3.3900994082703297,2,16,2,7,12,0.660990059172967,0.8116202820200392
91.9096440041908,0.7127309600279387,1.8726903997206135,4,17,2,19,13,0.8127309600279387,0.41121341345506
22.91848784239258,0.2527899189492838,6.472100810507161,0,10,5,4,12,0.3527899189492838,0.29301529943060745
71.32926173767001,0.5755284115844668,3.2447158841553327,0,14,3,10,10,0.6755284115844667,0.5261948189367963
30.50448480774025,0.30336323205160165,5.966367679483984,0,18,2,23,0,0.40336323205160163,0.8596623772815002
82.05968383583651,0.6470645589055768,2.5293544109442325,3,9,4,2,1,0.7470645589055768,0.2109927732974839
70.25579777773565,0.5683719851849044,3.3162801481509563,1,2,6,4,10,0.6683719851849044,0.10787083050473234
52.68455445141859,0.4512303630094573,4.487696369905427,1,4,1,10,13,0.5512303630094573,0.9338249526647724
69.31422606832271,0.5620948404554846,3.379051595445153,1,3,1,21,12,0.6620948404554847,0.19426146054922844
70.3112692120769,0.5687417947471792,3.3125820525282075,3,12,1,9,12,0.6687417947471792,0.3585042217353255
76.84751162403003,0.6123167441602002,2.8768325583979983,0,7,2,14,13,0.7123167441602002,0.7949711989931626
40.17588813866371,0.36783925425775804,5.321607457422419,4,16,4,18,1,0.467839254257758,0.46670354191435737
80.06557124108681,0.6337704749405787,2.662295250594213,2,7,2,26,2,0.7337704749405787,0.987604007112945
72.89792364475902,0.5859861576317268,3.1401384236827323,1,28,5,21,12,0.6859861576317268,0.4098538670123294
49.744284104762706,0.43162856069841804,4.68371439301582,2,23,3,9,6,0.531628560698418,0.1522270596135915
51.950500976140766,0.4463366731742717,4.536633268257282,1,7,1,14,5,0.5463366731742717,0.18561343417175058
38.25018364973861,0.35500122433159076,5.449987756684092,0,19,5,6,4,0.45500122433159074,0.9661621170217202
36.63719541283325,0.34424796941888836,5.557520305811117,2,18,4,8,13,0.44424796941888833,0.1308250842042794
39.977196654286786,0.3665146443619119,5.334853556380881,0,2,4,3,5,0.46651464436191187,0.6923247479367476
74.76974714505083,0.5984649809670055,3.0153501903299444,3,2,1,4,5,0.6984649809670055,0.9223206855450075
69.51686924220903,0.5634457949480601,3.3655420505193985,4,15,5,1,11,0.6634457949480601,0.6603719640257305
51.05552283023516,0.4403701522015677,4.596298477984322,3,27,1,29,14,0.5403701522015677,0.48848638996766214
64.54401841560906,0.5302934561040604,3.6970654389593958,2,29,1,10,14,0.6302934561040604,0.36150715390865995
91.6602472225255,0.7110683148168366,1.8893168518316337,3,22,4,20,5,0.8110683148168366,0.7984184607494826
19.715222498349092,0.23143481665566062,6.685651833443394,0,28,6,16,12,0.3314348166556606,0.7528369851847891
100.90505799402061,0.7727003866268041,1.2729961337319589,2,8,1,23,10,0.8727003866268042,0.6152537333726573
51.131958146950694,0.44087972097967126,4.591202790203287,1,18,3,27,9,0.5408797209796713,0.08585212517605612
27.813519928799586,0.2854234661919972,6.145765338080027,0,11,1,3,11,0.3854234661919972,0.36734462992934647
41.68276621276919,0.37788510808512793,5.221148919148721,3,26,1,1,5,0.4778851080851279,0.7805384342444659
65.79294271300891,0.5386196180867261,3.613803819132739,0,19,4,26,2,0.6386196180867261,0.6046466052725065
75.16299253671053,0.6010866169114035,2.9891338308859647,4,4,2,12,0,0.7010866169114035,0.8361031648980503
48.54776579486347,0.4236517719657565,4.763482280342435,3,8,4,9,4,0.5236517719657564,0.13182943898938104
85.86317479587038,0.6724211653058025,2.275788346941975,2,28,4,1,13,0.7724211653058025,0.8648383191464655
19.08224380846326,0.2272149587230884,6.727850412769116,0,5,3,13,5,0.32721495872308837,0.6445837893498767
61.88925573874253,0.5125950382582836,3.874049617417165,4,7,6,12,0,0.6125950382582835,0.6328597160601726
38.13133498669821,0.3542088999113214,5.457911000886786,1,23,1,16,11,0.45420889991132135,0.7403206659836118
68.22896277315422,0.5548597518210282,3.451402481789718,0,16,5,13,10,0.6548597518210282,0.32194088526592834
56.6235782676778,0.4774905217845187,4.225094782154813,3,27,1,5,10,0.5774905217845187,0.4511448430685342
105.04239258558513,0.8002826172372344,0.9971738276276572,1,15,3,28,2,0.9002826172372342,0.5971732766985927
51.50567668684756,0.44337117791231706,4.56628822087683,0,12,5,18,2,0.543371177912317,0.7937515629986515
69.89403933892137,0.5659602622594758,3.3403973774052416,1,13,4,18,1,0.6659602622594758,0.634063651215635
50.94066840176858,0.43960445601179055,4.603955439882094,2,22,3,15,4,0.5396044560117905,0.3221595150962975
50.67093319302822,0.43780622128685476,4.621937787131452,3,11,1,21,12,0.5378062212868547,0.5371798499892869
54.152080966725904,0.46101387311150605,4.38986126888494,2,19,5,5,9,0.561013873111506,0.9131726441650327
38.92385235692497,0.35949234904616645,5.405076509538336,1,21,5,28,1,0.4594923490461664,0.9182367242685369
54.16636443120376,0.4611090962080251,4.388909037919749,0,29,3,1,9,0.5611090962080251,0.1154312649437148
58.608908093540556,0.490726053956937,4.0927394604306295,0,23,5,21,10,0.590726053956937,0.8650421771228017
72.94697356976177,0.586313157131745,3.1368684286825492,2,9,3,1,4,0.6863131571317451,0.4196590859682404
61.14268005004393,0.5076178670002929,3.9238213299970712,4,15,4,24,6,0.6076178670002929,0.2353432552843976
72.90237490307517,0.5860158326871678,3.1398416731283216,2,12,6,15,11,0.6860158326871678,0.6336916862801282
61.17428085462013,0.5078285390308008,3.9217146096919913,1,1,4,18,7,0.6078285390308008,0.6050497406737761
66.06286145808087,0.5404190763872058,3.595809236127942,1,3,5,3,10,0.6404190763872057,0.1007228256187005
57.48518236565673,0.48323454910437824,4.167654508956218,1,13,3,12,2,0.5832345491043782,0.27140430263414794
69.33668441726589,0.5622445627817726,3.3775543721822743,4,7,2,6,11,0.6622445627817726,0.36411992771203816
57.91437601153204,0.4860958400768803,4.139041599231197,0,10,3,11,13,0.5860958400768803,0.5567569746616641
79.26874239065364,0.6284582826043575,2.7154171739564243,3,0,6,22,8,0.7284582826043575,0.4353634746568381
60.27745117539235,0.5018496745026156,3.9815032549738434,4,23,2,23,12,0.6018496745026156,0.21669443953984813
40.74460815271652,0.3716307210181101,5.283692789818899,2,21,6,22,4,0.4716307210181101,0.21628330117293526
87.46630368325559,0.6831086912217039,2.1689130877829608,0,19,4,17,7,0.7831086912217039,0.4268631626048225
54.0489694111359,0.46032646274090605,4.39673537259094,0,21,2,19,2,0.560326462740906,0.07765973895044609
61.55063031089177,0.5103375354059451,3.8966246459405487,1,26,1,29,6,0.610337535405945,0.13671763556397776
61.032619526335786,0.5068841301755719,3.931158698244281,0,25,2,24,11,0.6068841301755719,0.5599194222507815
46.13132592958917,0.4075421728639278,4.924578271360722,4,22,3,22,2,0.5075421728639278,0.2589216214925877
74.30241503997337,0.5953494335998224,3.0465056640017756,4,22,3,12,3,0.6953494335998224,0.6988401242377427
51.53312437098026,0.44355416247320173,4.564458375267983,4,25,5,19,10,0.5435541624732017,0.34527801260861757
44.4721157760228,0.39648077184015196,5.03519228159848,4,13,1,11,6,0.49648077184015194,0.816381320438552
77.55021560305461,0.6170014373536974,2.8299856264630256,2,5,6,1,6,0.7170014373536975,0.739617562039353
58.56879366533332,0.49045862443555543,4.095413755644445,3,25,5,27,12,0.5904586244355554,0.4267451082492809
55.74637278541596,0.47164248523610636,4.2835751476389365,0,3,1,27,14,0.5716424852361064,0.769899182891584
58.539889483563734,0.4902659298904249,4.097340701095751,0,4,1,7,2,0.5902659298904248,0.6010340207281974
54.66165632772484,0.4644110421848323,4.355889578151677,1,15,3,20,0,0.5644110421848323,0.12104856962609523
73.64411946818927,0.5909607964545951,3.0903920354540486,4,3,4,8,12,0.6909607964545952,0.9905690585705342
88.15757826485299,0.6877171884323532,2.1228281156764677,2,14,4,18,8,0.7877171884323532,0.6613668666620189
52.6048100434553,0.45069873362303536,4.493012663769647,4,1,2,26,10,0.5506987336230353,0.8576287379679151
75.14092207643758,0.6009394805095838,2.9906051949041617,0,8,2,20,8,0.7009394805095838,0.30673194731966213
69.13580079900618,0.5609053386600412,3.390946613399588,1,5,1,22,13,0.6609053386600412,0.3633292953823525
44.91998457500335,0.39946656383335566,5.005334361666444,3,21,3,20,9,0.49946656383335564,0.963536842464841
57.398090254188,0.48265393502792,4.1734606497208,4,5,2,9,3,0.58265393502792,0.0468843997193068
43.04979911776469,0.3869986607850979,5.130013392149021,3,23,5,29,14,0.4869986607850979,0.19689163651848607
69.33803217496713,0.5622535478331141,3.3774645216688586,4,7,6,26,1,0.6622535478331142,0.569864030377624
52.705908072012846,0.4513727204800856,4.4862727951991435,4,19,3,20,6,0.5513727204800856,0.9418103288297113
85.66808004570116,0.6711205336380077,2.288794663619923,2,16,6,29,5,0.7711205336380077,0.3985444208644112
76.6783155210257,0.6111887701401714,2.888112298598287,3,15,6,14,11,0.7111887701401713,0.8360704497915085
43.48985088020816,0.3899323392013877,5.100676607986123,4,6,5,5,12,0.4899323392013877,0.7373288176749748
82.57437767625154,0.6504958511750103,2.4950414882498966,0,7,4,20,10,0.7504958511750104,0.48138556461308313
77.85699204629725,0.6190466136419817,2.809533863580183,0,24,2,20,10,0.7190466136419817,0.765686071164809
37.921682225571146,0.35281121483714095,5.4718878516285905,0,14,3,16,8,0.45281121483714093,0.29449329499714294
46.665105945839585,0.41110070630559725,4.888992936944027,0,17,1,26,8,0.5111007063055972,0.26704665107544645
27.665547831472054,0.284436985543147,6.15563014456853,0,25,5,16,5,0.384436985543147,0.8467837207908306
71.41055309644267,0.5760703539762845,3.2392964602371555,2,22,4,25,1,0.6760703539762845,0.37763179394470947
45.17222640425246,0.40114817602834973,4.988518239716503,4,4,6,23,10,0.5011481760283497,0.6825543389862555
47.7509687280825,0.41833979152054995,4.8166020847945,1,14,6,23,14,0.51833979152055,0.40275609046943506
69.88909469531163,0.5659272979687442,3.3407270203125585,3,0,6,21,10,0.6659272979687442,0.49301929307224635
80.67136040180071,0.637809069345338,2.6219093065466197,4,9,6,22,13,0.7378090693453381,0.6805417729074941
80.49467394705309,0.6366311596470207,2.633688403529794,1,12,6,9,8,0.7366311596470206,0.3420685165888415
39.59810249009497,0.3639873499339664,5.360126500660336,1,12,4,4,13,0.4639873499339664,0.4087161324460249
78.46677600957287,0.6231118400638191,2.768881599361809,1,3,6,7,5,0.7231118400638191,0.9184227001428497
105.2178654145448,0.8014524360969654,0.9854756390303465,0,0,5,15,13,0.9014524360969653,0.007425325381381964
69.82538637140597,0.5655025758093731,3.3449742419062685,1,24,5,12,12,0.6655025758093731,0.6515518705771456
62.18027760749737,0.5145351840499826,3.854648159500175,0,20,2,1,13,0.6145351840499825,0.29135814606173194
43.63852103236651,0.39092347354911006,5.090765264508899,0,1,4,16,7,0.49092347354911003,0.9881869085133181
72.18163688869517,0.5812109125913011,3.1878908740869893,3,7,1,16,8,0.6812109125913011,0.8090771316347984
33.14294235693636,0.3209529490462424,5.790470509537576,3,11,5,5,5,0.42095294904624236,0.15825866416085754
70.01716757336477,0.5667811171557652,3.332188828442348,2,15,2,14,5,0.6667811171557652,0.2632907632481519
43.4995909576056,0.389997273050704,5.10002726949296,1,13,5,25,10,0.48999727305070395,0.25005411896512797
53.868837617733675,0.4591255841182245,4.408744158817755,3,15,1,19,3,0.5591255841182244,0.7427785283631706
82.30214704909775,0.6486809803273184,2.513190196726816,0,24,4,19,11,0.7486809803273184,0.6829744183917902
57.89744370965117,0.48598295806434116,4.140170419356588,4,0,5,21,0,0.5859829580643411,0.04970280030889762
59.18031144628419,0.49453540964189463,4.054645903581053,2,28,1,25,3,0.5945354096418947,0.8729310824979373
58.60689807653575,0.49071265384357166,4.092873461564284,3,18,3,15,11,0.5907126538435716,0.37052375252628167
35.43009884143318,0.33620065894288786,5.637993410571122,2,0,3,8,6,0.43620065894288784,0.33826046171628343
59.94096958789535,0.49960646391930236,4.0039353608069765,4,16,1,21,11,0.5996064639193023,0.2290279264428028
59.20404464354601,0.4946936309569734,4.053063690430266,0,24,6,15,7,0.5946936309569734,0.7134058044982491
56.285180308291814,0.47523453538861204,4.2476546461138796,0,0,2,29,6,0.575234535388612,0.7807596430157316
64.84358236866412,0.5322905491244275,3.677094508755725,3,2,4,1,12,0.6322905491244275,0.056218421221200354
43.96361927075793,0.3930907951383862,5.069092048616138,2,24,5,20,1,0.49309079513838616,0.24229710384253378
75.28743119231818,0.6019162079487879,2.980837920512121,4,8,6,7,1,0.701916207948788,0.9120467653571733
80.75497888958783,0.6383665259305855,2.616334740694145,3,15,3,29,4,0.7383665259305855,0.988375357856801
48.05414583489615,0.420360972232641,4.79639027767359,3,16,3,29,4,0.520360972232641,0.46179312326482524
68.69034013028696,0.5579356008685796,3.4206439913142033,4,19,2,22,8,0.6579356008685796,0.8939091075453918
91.58165061287957,0.7105443374191972,1.8945566258080282,3,14,3,28,1,0.8105443374191972,0.7408763981478809
85.21050741672637,0.6680700494448425,2.3192995055515753,4,12,5,1,8,0.7680700494448425,0.3172268277270147
41.468682198895806,0.3764578813259721,5.235421186740279,1,18,4,23,12,0.47645788132597205,0.3150429269039452
74.20653677795741,0.5947102451863827,3.052897548136173,1,1,1,10,10,0.6947102451863827,0.45895436194190253
52.64325995821921,0.4509550663881281,4.490449336118719,2,21,1,28,7,0.5509550663881281,0.6264741191139241
44.09029344070881,0.3939352896047254,5.060647103952746,4,25,5,6,7,0.4939352896047254,0.8923684540095175
30.589125757617303,0.30392750505078203,5.96072494949218,3,2,1,15,6,0.403927505050782,0.14490035463546636
58.8414299848914,0.49227619989927596,4.07723800100724,1,13,5,24,1,0.5922761998992759,0.826887868756783
38.059024376793616,0.3537268291786241,5.462731708213759,2,0,1,18,9,0.45372682917862406,0.6330501022923197
38.82019040971852,0.35880126939812346,5.411987306018766,3,11,1,16,2,0.45880126939812343,0.8552337134733273
46.57567885067648,0.4105045256711765,4.894954743288235,4,24,6,9,5,0.5105045256711764,0.6701919322495379
78.82837001350886,0.6255224667567257,2.744775332432743,0,8,5,4,12,0.7255224667567257,0.8392577540572944
87.18058277445814,0.6812038851630543,2.1879611483694577,2,1,2,20,0,0.7812038851630543,0.8372239311090579
74.54378872954769,0.5969585915303178,3.0304140846968215,3,28,5,15,6,0.6969585915303178,0.44110839715787753
58.16266329101364,0.4877510886067576,4.122489113932424,0,11,3,8,11,0.5877510886067575,0.2522526758703585
87.12034191998912,0.6808022794665941,2.191977205334059,1,21,1,13,12,0.7808022794665941,0.5668540845124826
74.40549314089398,0.5960366209392932,3.039633790607068,3,6,5,11,4,0.6960366209392932,0.3137617562552555
58.80850862716483,0.49205672418109886,4.079432758189012,2,8,1,21,1,0.5920567241810988,0.7271509877281036
88.60120092746874,0.6906746728497917,2.0932532715020837,0,9,2,28,11,0.7906746728497915,0.37476332431132564
46.74906887673483,0.4116604591782322,4.8833954082176785,2,7,5,15,3,0.5116604591782321,0.7088289937441535
79.54671325128709,0.6303114216752472,2.696885783247528,3,24,2,19,3,0.7303114216752472,0.1677079735958933
55.12347407497319,0.4674898271664879,4.325101728335121,2,15,4,7,3,0.5674898271664879,0.22485617843326533
59.92888767696626,0.49952591784644174,4.004740821535583,1,17,3,4,0,0.5995259178464417,0.11640856125910615
54.555113486146006,0.4637007565743067,4.362992434256933,4,6,2,22,8,0.5637007565743066,0.5514309708735962
58.902315976269534,0.49268210650846356,4.073178934915364,4,4,1,26,9,0.5926821065084635,0.944260445952873
40.17170291511327,0.3678113527674218,5.321886472325782,4,24,6,6,4,0.46781135276742175,0.6918742477859883
53.56862093655094,0.45712413957700626,4.428758604229937,4,0,2,20,9,0.5571241395770062,0.9852273488468835
65.2354817723213,0.5349032118154753,3.6509678818452476,3,21,3,6,5,0.6349032118154753,0.38643900538185083
66.39350900189423,0.5426233933459615,3.5737660665403848,0,21,1,10,2,0.6426233933459615,0.8259079836361017
68.31495352192658,0.5554330234795106,3.445669765204894,3,28,6,19,7,0.6554330234795106,0.8180897926772334
42.507738642251255,0.38338492428167503,5.1661507571832495,3,15,3,26,3,0.483384924281675,0.4969445198605488
70.37483032566956,0.5691655355044638,3.308344644955362,1,11,4,14,11,0.6691655355044638,0.8369757615375708
60.72644222554088,0.5048429481702725,3.9515705182972747,3,23,2,6,13,0.6048429481702725,0.806010700131251
74.101312138011,0.59400874758674,3.0599125241325997,3,9,3,14,7,0.69400874758674,0.17859759591703006
55.51865498070172,0.47012436653801143,4.298756334619886,4,11,4,20,7,0.5701243665380115,0.15561575637959013
77.11919400136107,0.6141279600090738,2.8587203999092625,0,20,4,9,7,0.7141279600090737,0.451563978940428
78.6523475849855,0.6243489838999033,2.7565101610009664,2,19,6,21,10,0.7243489838999033,0.8798433744333652
89.02372581651312,0.6934915054434208,2.0650849455657925,4,22,6,3,3,0.7934915054434207,0.9347453502266895
73.05539070963498,0.5870359380642332,3.129640619357668,0,24,4,10,9,0.6870359380642332,0.5565672762496207
61.43639296951597,0.5095759531301065,3.904240468698935,1,17,1,17,6,0.6095759531301065,0.05281763574902887
62.36381763325436,0.5157587842216957,3.842412157783043,2,16,3,19,3,0.6157587842216957,0.39607457215797737
51.84119912363592,0.44560799415757274,4.5439200584242725,4,7,2,21,12,0.5456079941575728,0.45846250600422955
72.32805048666025,0.5821870032444016,3.1781299675559835,0,9,4,18,13,0.6821870032444016,0.407789572378387
50.61863127800413,0.43745754185336083,4.625424581466391,4,1,6,27,1,0.5374575418533608,0.19733891460993658
90.46462292631479,0.7030974861754319,1.969025138245681,2,17,1,8,2,0.8030974861754319,0.8040675472793776
63.902509445684814,0.5260167296378988,3.7398327036210124,3,26,4,15,10,0.6260167296378988,0.8481649222001729
61.984197707762455,0.5132279847184164,3.8677201528158363,1,29,3,13,14,0.6132279847184163,0.35799380935051617
59.662309130180226,0.4977487275345348,4.022512724654652,1,10,5,24,1,0.5977487275345348,0.6573144317855055
62.88300524001338,0.5192200349334226,3.8077996506657743,0,8,5,1,11,0.6192200349334226,0.37340282918103473
50.79212758046498,0.4386141838697665,4.613858161302335,1,27,6,8,0,0.5386141838697664,0.2986731987726827
39.60299536881825,0.364019969125455,5.35980030874545,4,28,5,8,1,0.46401996912545496,0.22643870360596008
81.51108254416496,0.6434072169610998,2.5659278303890023,0,19,5,14,9,0.7434072169610997,0.7539936740877508
71.85975565112477,0.5790650376741651,3.209349623258349,1,0,2,21,14,0.6790650376741652,0.7461091058340299
61.21023402112046,0.5080682268074698,3.9193177319253025,4,23,5,3,14,0.6080682268074697,0.03152962764075817
49.40677109934262,0.42937847399561746,4.706215260043826,3,16,1,14,11,0.5293784739956174,0.2828508204963682
79.91234466249696,0.6327489644166465,2.672510355833535,3,18,5,15,12,0.7327489644166465,0.8735197323938567
60.82322806742553,0.5054881871161702,3.945118128838298,4,17,6,4,14,0.6054881871161701,0.3149512570104186
49.08109051276588,0.4272072700851059,4.727927299148941,3,0,1,20,9,0.5272072700851059,0.759948756310902
102.33897251204631,0.7822598167469754,1.1774018325302458,3,11,2,17,9,0.8822598167469754,0.5291260045518483
72.41146069941871,0.5827430713294581,3.1725692867054187,3,12,5,20,1,0.6827430713294581,0.638645768797818
90.03755739706833,0.7002503826471222,1.997496173528778,4,21,1,5,13,0.8002503826471222,0.9511552502935082
73.72778737104046,0.5915185824736031,3.0848141752639693,2,12,3,22,1,0.6915185824736031,0.9468986314386664
90.1280592112235,0.7008537280748234,1.991462719251766,4,6,3,13,14,0.8008537280748234,0.8211196200130026
38.284729608381184,0.3552315307225412,5.447684692774588,3,8,2,18,12,0.4552315307225412,0.7243671545214008
72.08363051377094,0.580557536758473,3.19442463241527,2,8,5,22,7,0.680557536758473,0.8470319650785404
65.07688031155286,0.5338458687436858,3.6615413125631426,4,16,1,12,6,0.6338458687436856,0.717626512113959
43.44547349773253,0.38963648998488354,5.103635100151164,0,27,5,13,10,0.4896364899848835,0.3096209369719055
87.5463782369898,0.683642521579932,2.163574784200681,0,18,4,27,12,0.7836425215799319,0.040173511650464455
46.11601618188462,0.4074401078792308,4.925598921207692,0,28,6,21,7,0.5074401078792308,0.7481311727566778
76.56571497247813,0.6104380998165209,2.895619001834791,2,22,2,8,14,0.7104380998165208,0.44233649105064266
39.50395690033819,0.36335971266892125,5.366402873310787,3,24,5,20,13,0.46335971266892123,0.6089539648947883
16.96953366752281,0.21313022445015206,6.868697755498479,1,6,5,25,5,0.31313022445015204,0.5002808585150189
43.75177636633683,0.39167850910891217,5.083214908910878,4,1,4,3,13,0.49167850910891214,0.026739673183615476
52.703406533699436,0.45135604355799624,4.486439564420038,0,26,5,27,5,0.5513560435579962,0.947703810787278
72.28072909598114,0.5818715273065409,3.1812847269345905,1,8,5,20,9,0.681871527306541,0.4460747779583807
89.51967007612235,0.6967978005074823,2.0320219949251768,1,8,2,27,6,0.7967978005074823,0.2814289394096303
76.60280321425022,0.6106853547616681,2.893146452383319,4,8,4,4,13,0.710685354761668,0.43908966739439315
66.04387008375198,0.5402924672250132,3.5970753277498675,4,16,5,6,6,0.6402924672250132,0.8232491121867402
73.47801614161746,0.5898534409441164,3.101465590558836,4,0,1,8,10,0.6898534409441164,0.9681233701547911
83.56447290751976,0.6570964860501317,2.429035139498683,3,15,3,23,6,0.7570964860501317,0.5802196679808442
63.332933749479736,0.5222195583298649,3.7778044167013514,2,25,5,12,10,0.6222195583298649,0.15984302231806358
72.24238288766703,0.5816158859177802,3.1838411408221976,4,3,5,18,11,0.6816158859177802,0.6052263798337882
51.65001296654659,0.44433341977697727,4.556665802230228,2,11,6,17,10,0.5443334197769772,0.4283805052140207
50.54880100568971,0.43699200670459803,4.630079932954019,4,15,5,19,0,0.536992006704598,0.8252942092468657
65.10297491344123,0.5340198327562748,3.6598016724372515,3,22,3,26,1,0.6340198327562748,0.6322759649584554
34.6910728088504,0.3312738187256693,5.687261812743307,0,14,4,6,7,0.4312738187256693,0.9967564883778934
75.19323872345498,0.6012882581563666,2.987117418436335,3,0,4,22,6,0.7012882581563665,0.9686563414538049
74.16223670790887,0.5944149113860592,3.055850886139408,2,9,2,18,2,0.6944149113860592,0.6296950031230133
58.635561431454114,0.49090374287636074,4.090962571236393,3,3,1,15,10,0.5909037428763607,0.6593150594561558
58.86630183240645,0.492442012216043,4.07557987783957,1,10,5,27,6,0.592442012216043,0.8921357898399248
46.38207794743824,0.4092138529829216,4.907861470170784,3,19,6,13,13,0.5092138529829215,0.42798436082185465
70.49221982975085,0.5699481321983391,3.30051867801661,1,28,3,13,2,0.669948132198339,0.27286287847984914
64.70160719528636,0.5313440479685757,3.686559520314243,2,26,6,13,1,0.6313440479685757,0.8625387928775434
82.88646271969945,0.6525764181313297,2.4742358186867035,1,26,1,5,12,0.7525764181313297,0.029873441114031563
72.64618937488015,0.5843079291658677,3.1569207083413233,3,12,4,12,7,0.6843079291658676,0.3036454938437382
77.23342135961423,0.6148894757307616,2.8511052426923844,0,5,5,9,6,0.7148894757307616,0.8258533172922322
50.98355519833758,0.4398903679889172,4.601096320110829,4,8,3,18,10,0.5398903679889171,0.9062185098272109
61.94775988611775,0.5129850659074516,3.8701493409254835,2,9,6,25,13,0.6129850659074516,0.5470418352212232
51.75433309936153,0.4450288873290769,4.549711126709231,2,12,1,1,4,0.5450288873290768,0.3676042577155818
23.116506350731406,0.25411004233820933,6.458899576617906,2,6,4,11,3,0.3541100423382093,0.24270573108463156
72.76015695341471,0.5850677130227646,3.1493228697723534,1,28,6,21,2,0.6850677130227647,0.3425429682660841
42.137647051419776,0.3809176470094652,5.190823529905348,3,15,3,23,14,0.48091764700946515,0.47845511023666876
38.4705362048941,0.3564702413659606,5.435297586340393,2,6,1,23,2,0.4564702413659606,0.7128425346368179
48.86115783626875,0.4257410522417917,4.742589477582083,0,1,2,20,4,0.5257410522417917,0.3034662823857951
61.877735289888975,0.5125182352659265,3.874817647340735,2,29,4,23,14,0.6125182352659265,0.9463811695818672
49.63753600901401,0.4309169067267601,4.690830932732399,3,24,3,2,0,0.5309169067267601,0.7627362416079652
71.48415046427094,0.5765610030951396,3.2343899690486038,2,5,4,23,11,0.6765610030951397,0.06883312151567511
48.89759202178867,0.4259839468119244,4.740160531880756,2,8,4,14,12,0.5259839468119244,0.29917837925534896
90.62593651058899,0.7041729100705932,1.9582708992940678,1,29,4,9,10,0.8041729100705932,0.2231197494318201
40.213111765086396,0.3680874117672427,5.319125882327573,1,27,5,20,1,0.46808741176724267,0.932174771828981
34.205926693274705,0.328039511288498,5.71960488711502,0,9,3,8,8,0.428039511288498,0.5768774049766932
63.82351186398174,0.5254900790932115,3.745099209067884,2,0,5,2,10,0.6254900790932115,0.06282014684935977
57.82568543360474,0.48550456955736493,4.144954304426351,2,27,1,20,12,0.585504569557365,0.05387842127039555
37.37792520230269,0.34918616801535124,5.508138319846488,1,0,1,18,1,0.4491861680153512,0.7785800212229809
62.41548529625661,0.5161032353083774,3.838967646916226,2,11,4,18,9,0.6161032353083774,0.533155336740709
31.48648570406305,0.3099099046937537,5.900900953062464,3,15,1,4,3,0.40990990469375366,0.834087279998227
39.96802134547962,0.3664534756365308,5.335465243634692,2,26,4,21,1,0.4664534756365308,0.44381047877890434
95.49195064600491,0.7366130043066994,1.6338699569330055,3,27,5,22,10,0.8366130043066995,0.7862458297482411
65.09630659304727,0.5339753772869817,3.660246227130182,2,16,6,13,5,0.6339753772869817,0.9433439481715591
64.77151265082827,0.5318100843388551,3.6818991566114487,2,25,5,17,0,0.6318100843388551,0.9475642582617025
76.1923661499793,0.6079491076665288,2.9205089233347126,4,0,1,27,0,0.7079491076665287,0.8322475683389831
31.770754478526275,0.31180502985684183,5.881949701431582,2,12,6,28,1,0.4118050298568418,0.05087916929147818
66.08221013839137,0.5405480675892759,3.5945193241072415,3,23,2,17,13,0.6405480675892758,0.5697386590139425
87.96589282614738,0.6864392855076492,2.1356071449235077,2,12,1,2,12,0.7864392855076492,0.7274232873450189
70.15024111293889,0.5676682740862593,3.3233172591374074,2,10,5,9,13,0.6676682740862593,0.8811518859457191
40.346367356240734,0.3689757823749382,5.310242176250618,4,13,6,9,14,0.4689757823749382,0.5406166746926322
48.73161127006555,0.42487740846710365,4.7512259153289635,3,5,4,29,13,0.5248774084671036,0.989592251305895
72.02557835817481,0.5801705223878321,3.1982947761216796,0,18,5,13,5,0.680170522387832,0.9750380090210593
63.7526791162389,0.525017860774926,3.74982139225074,1,27,6,16,14,0.6250178607749259,0.12448560883843618
65.95856889492552,0.5397237926328368,3.602762073671632,0,0,6,27,5,0.6397237926328367,0.8806932380938125
61.027609442031746,0.5068507296135449,3.93149270386455,3,5,4,14,0,0.6068507296135449,0.597519494542821
68.74273526912414,0.5582849017941609,3.417150982058391,1,11,2,6,14,0.6582849017941609,0.05856149873989169
38.39423744227312,0.3559615829484875,5.440384170515125,2,10,6,28,0,0.4559615829484875,0.4950868918555744
90.42475125126758,0.7028316750084506,1.9716832499154946,4,13,3,16,7,0.8028316750084505,0.5944757900630245
12.758157753125005,0.18505438502083332,7.149456149791666,3,1,5,25,12,0.2850543850208333,0.9510229485085888
69.22378165255047,0.5614918776836698,3.3850812231633016,4,21,3,14,11,0.6614918776836698,0.7586019609207897
51.40336758788273,0.4426891172525515,4.573108827474485,3,22,4,1,0,0.5426891172525514,0.8206757923057866
32.10763293153349,0.31405088621022326,5.859491137897768,3,28,5,6,4,0.41405088621022323,0.4762376970874048
36.60145216875638,0.3440096811250425,5.5599031887495745,1,24,1,12,9,0.44400968112504247,0.375824273667837
34.88226241954759,0.33254841613031727,5.674515838696827,0,29,2,19,1,0.43254841613031725,0.9597017585835139
64.69697367696422,0.5313131578464282,3.6868684215357184,2,27,2,12,7,0.6313131578464282,0.3717524102881885
68.25973855961104,0.5550649237307402,3.4493507626925974,3,3,3,4,6,0.6550649237307402,0.413383875188738
67.9759292987974,0.5531728619919827,3.468271380080173,0,28,1,8,11,0.6531728619919827,0.8699766755359357
83.83317634052146,0.6588878422701431,2.4111215772985695,4,20,2,14,12,0.758887842270143,0.9269562950347524
50.07699768269811,0.4338466512179874,4.661533487820126,0,2,2,19,13,0.5338466512179874,0.945671965038435
42.45628087548526,0.3830418725032351,5.169581274967649,0,18,3,10,0,0.4830418725032351,0.5422196537517151
53.00738550792328,0.4533825700528219,4.466174299471781,2,17,6,29,7,0.5533825700528219,0.7605119692990334
69.70144721562366,0.5646763147708245,3.3532368522917557,3,17,6,2,5,0.6646763147708245,0.9980010932174752
58.10965229244099,0.4873976819496066,4.126023180503934,2,1,5,7,12,0.5873976819496066,0.703966918085638
52.93846213471737,0.4529230808981158,4.470769191018842,3,2,1,9,8,0.5529230808981157,0.17519129153403046
81.19824016992713,0.6413216011328475,2.5867839886715243,2,23,5,9,3,0.7413216011328476,0.9935771602482931
56.870728351456826,0.47913818900971217,4.208618109902878,3,21,6,10,3,0.5791381890097121,0.31206473578391825
66.53726928636895,0.5435817952424598,3.564182047575403,2,22,5,8,9,0.6435817952424597,0.21746181151102184
71.58938370938723,0.5772625580625816,3.227374419374184,1,3,1,23,7,0.6772625580625815,0.8187312140713718
49.38082715983954,0.4292055143989303,4.707944856010697,3,22,3,4,9,0.5292055143989303,0.3060470116723891
52.47774275865071,0.44985161839100474,4.501483816089952,1,12,6,6,14,0.5498516183910047,0.3283392270122928
52.3192113837182,0.4487947425581213,4.512052574418787,0,24,5,18,6,0.5487947425581213,0.9947661072015561
60.59856853885486,0.5039904569256991,3.960095430743009,1,13,3,21,3,0.6039904569256991,0.45308427593728096
60.37124693275597,0.5024749795517065,3.9752502044829354,3,17,6,14,8,0.6024749795517065,0.7444541892454987
36.629846808632436,0.34419897872421623,5.5580102127578375,2,15,3,12,2,0.4441989787242162,0.6784028476911378
73.11191720185789,0.5874127813457193,3.1258721865428076,3,9,5,17,10,0.6874127813457193,0.808969521419602
72.72333749038506,0.5848222499359004,3.151777500640996,3,10,5,16,5,0.6848222499359004,0.6968105662503007
76.03576608601178,0.6069051072400785,2.9309489275992147,3,10,1,5,6,0.7069051072400785,0.5884723692222009
55.58050201656088,0.47053668011040584,4.294633198895942,3,7,5,12,8,0.5705366801104058,0.7827933338562988
62.55326472932254,0.5170217648621502,3.829782351378497,0,29,5,15,14,0.6170217648621502,0.5624718506849852
45.599443592346354,0.40399629061564235,4.960037093843576,3,19,5,21,0,0.5039962906156423,0.08481421521205756
46.1177464621631,0.4074516430810873,4.925483569189127,4,24,4,28,14,0.5074516430810873,0.671552924592368
23.861221530518854,0.259074810203459,6.40925189796541,0,16,5,22,1,0.359074810203459,0.5833461248632115
91.34836822902855,0.708989121526857,1.9101087847314298,2,6,5,14,10,0.808989121526857,0.3607902203176241
82.71789108332065,0.6514526072221377,2.4854739277786235,2,29,6,14,8,0.7514526072221377,0.9480622185400361
52.57891826507325,0.450526121767155,4.49473878232845,3,25,1,11,8,0.550526121767155,0.5955123118753641
32.08686878363266,0.313912458557551,5.8608754144244894,2,28,6,28,0,0.413912458557551,0.8230060231473505
66.28001564883577,0.5418667709922385,3.581332290077615,1,0,2,3,3,0.6418667709922384,0.9657172700031822
91.56993311246605,0.7104662207497736,1.8953377925022639,2,5,4,4,7,0.8104662207497736,0.6016339671381267
62.58314411236863,0.5172209607491242,3.827790392508758,4,21,4,6,9,0.6172209607491241,0.3516319007544443
53.28952532072487,0.4552635021381658,4.447364978618342,4,12,2,25,2,0.5552635021381658,0.2692000990038732
63.0348039624409,0.5202320264162726,3.7976797358372734,3,9,2,11,8,0.6202320264162726,0.0035642418851246083
87.79777261169563,0.6853184840779709,2.1468151592202913,4,25,4,6,0,0.7853184840779709,0.08653042628526053
95.67933689566195,0.7378622459710796,1.6213775402892034,0,20,5,13,12,0.8378622459710796,0.8765864346194112
64.69932648327968,0.5313288432218646,3.6867115677813547,3,18,2,9,8,0.6313288432218646,0.3167483709914962
54.56172454229219,0.4637448302819479,4.362551697180521,4,14,5,3,3,0.5637448302819479,0.8647346491276132
58.56989999254564,0.49046599995030427,4.095340000496957,2,9,4,15,7,0.5904659999503042,0.6853358408546784
62.96245646661937,0.5197497097774625,3.8025029022253753,1,21,1,16,7,0.6197497097774625,0.07781402872349674
82.45190161523985,0.649679344101599,2.5032065589840102,3,21,3,17,7,0.749679344101599,0.5791635261832344
59.34030687753926,0.49560204585026174,4.043979541497382,1,16,2,27,7,0.5956020458502618,0.061754341146680325
46.9088983346509,0.41272598889767265,4.8727401110232735,2,17,4,27,5,0.5127259888976726,0.48936570141387226
73.47426801602086,0.589828453440139,3.10171546559861,0,4,5,24,9,0.689828453440139,0.475913616319939
48.09063581206165,0.42060423874707764,4.793957612529224,2,23,2,21,13,0.5206042387470776,0.7335660772277184
79.89693295730248,0.63264621971535,2.673537802846501,4,22,6,12,13,0.7326462197153499,0.682000882736802
91.97807114170598,0.7131871409447066,1.8681285905529346,2,1,2,16,5,0.8131871409447066,0.7853263861123738
59.0566724636612,0.49371114975774133,4.062888502422586,2,1,5,7,3,0.5937111497577413,0.9883222590512811
54.130923948756944,0.4608728263250463,4.3912717367495375,2,21,4,19,14,0.5608728263250463,0.13831914030486314
46.60836364703149,0.4107224243135432,4.892775756864568,0,14,5,19,2,0.5107224243135432,0.1527512474616458
66.63877332410402,0.5442584888273602,3.557415111726398,4,15,2,5,12,0.6442584888273601,0.7544653264192346
58.41989949265021,0.4894659966176681,4.105340033823319,1,27,3,23,7,0.5894659966176681,0.1764518159158045
64.78709193582164,0.5319139462388109,3.6808605376118906,1,0,3,19,9,0.6319139462388109,0.1618571071545407
67.01152608986231,0.5467435072657488,3.532564927342512,0,28,5,28,0,0.6467435072657488,0.7247184975499775
48.75034381383107,0.42500229209220713,4.7499770790779285,0,11,2,16,7,0.5250022920922071,0.5051557297618503
42.45702303615195,0.383046820241013,5.16953179758987,3,6,3,13,14,0.483046820241013,0.5804488001297977
52.71246993065478,0.4514164662043652,4.485835337956348,2,0,3,21,6,0.5514164662043651,0.6803307557759736
63.63742944608707,0.5242495296405805,3.7575047035941957,0,27,1,25,14,0.6242495296405804,0.8026812954166014
67.53273824601091,0.550218254973406,3.4978174502659396,2,29,1,18,12,0.650218254973406,0.04064906290589165
54.947775840056416,0.4663185056003761,4.336814943996239,4,4,1,20,5,0.5663185056003761,0.5083905509538567
78.20753474626439,0.6213835649750958,2.786164350249041,2,7,1,20,3,0.7213835649750959,0.23585308992662102
54.546225077569495,0.46364150051712993,4.363584994828701,1,4,5,1,9,0.5636415005171299,0.11003752774062692
31.425021001594253,0.3095001400106283,5.904998599893716,1,6,4,11,0,0.4095001400106283,0.24270830338557048
98.5762112219112,0.757174741479408,1.4282525852059202,0,0,3,1,0,0.857174741479408,0.3313036194869321
59.08961424621474,0.49393076164143157,4.0606923835856845,2,3,4,1,4,0.5939307616414315,0.6355312959867637
67.66001933751839,0.551066795583456,3.4893320441654403,0,14,4,19,12,0.6510667955834559,0.8884604153502974
73.24258854140957,0.5882839236093972,3.1171607639060284,0,6,1,26,4,0.6882839236093972,0.19155485029029318
45.498713053480394,0.40332475368986925,4.966752463101307,4,18,3,26,6,0.5033247536898693,0.9353250335938421
56.48100932705074,0.4765400621803383,4.234599378196617,3,26,4,7,1,0.5765400621803383,0.7855163989527019
73.48210687791953,0.5898807125194636,3.1011928748053643,1,10,6,29,14,0.6898807125194636,0.4493768977779986
60.44039084565761,0.5029359389710507,3.9706406102894927,4,26,3,11,8,0.6029359389710507,0.05864258380164655
52.87427965317723,0.4524951976878482,4.475048023121518,3,4,1,2,4,0.5524951976878482,0.4924540218838577
57.71532113429401,0.48476880756196006,4.1523119243804,2,27,5,21,4,0.58476880756196,0.6512970352821607
71.03661207452565,0.573577413830171,3.2642258616982898,1,26,1,9,10,0.673577413830171,0.15396512353821978
75.73358738968489,0.6048905825978992,2.9510941740210077,1,8,4,24,14,0.7048905825978993,0.6511452278598164
43.76850357142328,0.3917900238094885,5.0820997619051145,2,23,5,20,9,0.4917900238094885,0.06226464776204588
47.2305808790327,0.4148705391935513,4.851294608064487,0,19,3,2,13,0.5148705391935513,0.10190186476876073
44.76512351849206,0.3984341567899471,5.015658432100529,1,25,4,28,9,0.49843415678994707,0.9007562707400927
47.251774865620966,0.4150118324374731,4.8498816756252685,1,11,4,24,7,0.5150118324374731,0.900291965104787
59.601751229365355,0.49734500819576904,4.02654991804231,1,22,2,18,13,0.597345008195769,0.23087504556771765
37.0880520735531,0.347253680490354,5.52746319509646,0,7,5,11,14,0.44725368049035397,0.15001664767917566
46.85663020577583,0.41237753470517224,4.876224652948277,1,5,3,16,13,0.5123775347051722,0.019040231196342128
78.02049033873051,0.6201366022582034,2.798633977417966,0,29,2,1,14,0.7201366022582034,0.03293074127390083
71.47654680169313,0.5765103120112876,3.234896879887125,2,0,2,20,11,0.6765103120112875,0.04190413859178399
86.06594870181746,0.6737729913454498,2.2622700865455028,1,3,3,13,1,0.7737729913454497,0.2294363093458438
78.29674158779345,0.6219782772519563,2.780217227480437,0,25,1,3,10,0.7219782772519563,0.4153441870375061
62.93845628909439,0.5195897085939626,3.804102914060374,0,11,1,29,6,0.6195897085939626,0.09882958485774451
69.77262939705815,0.5651508626470544,3.3484913735294564,2,0,3,5,2,0.6651508626470544,0.7884649579119241
79.09826601229514,0.627321773415301,2.72678226584699,0,1,3,17,10,0.727321773415301,0.5617764064288764
62.6930149692143,0.5179534331280954,3.820465668719047,2,16,4,22,3,0.6179534331280954,0.97717334259929
78.4311393220363,0.6228742621469088,2.7712573785309127,4,28,6,9,2,0.7228742621469088,0.5608782030756637
71.71444840699624,0.5780963227133082,3.219036772866918,1,1,4,16,1,0.6780963227133082,0.22918333140062153
53.03620916018791,0.45357472773458607,4.464252722654139,3,7,5,24,14,0.553574727734586,0.5779590331507943
87.66530898948469,0.6844353932632313,2.1556460673676874,4,24,3,16,12,0.7844353932632313,0.37366766904744064
34.129125874721474,0.3275275058314765,5.724724941685235,3,20,6,12,10,0.4275275058314765,0.04409658135152439
47.12522037737666,0.41416813584917767,4.858318641508223,1,20,1,17,7,0.5141681358491776,0.44617063197232665
69.80066699534372,0.5653377799689581,3.346622200310419,1,27,5,14,8,0.665337779968958,0.8236802924192158
66.35976042376687,0.5423984028251124,3.5760159717488755,2,29,6,20,5,0.6423984028251124,0.6994473038881602
58.44349530734247,0.48962330204894977,4.103766979510502,3,23,4,26,7,0.5896233020489497,0.8292720085716856
83.65496328428162,0.6576997552285441,2.423002447714559,2,16,1,6,5,0.757699755228544,0.2333054709819521
79.4604969586931,0.6297366463912873,2.7026335360871268,0,0,2,9,10,0.7297366463912873,0.4893175287959354
39.45660140678012,0.36304400937853415,5.369559906214659,4,20,4,25,11,0.4630440093785341,0.00030412703758897486
57.82268308798234,0.48548455391988227,4.145154460801177,1,1,4,18,3,0.5854845539198822,0.7801683207207439
34.91778514731913,0.33278523431546086,5.672147656845391,1,26,6,22,8,0.43278523431546084,0.7684749179052954
55.00714178528235,0.46671427856854897,4.33285721431451,1,24,1,12,12,0.566714278568549,0.6942314897070689
60.17884697489937,0.5011923131659958,3.9880768683400416,3,2,2,15,6,0.6011923131659958,0.7837563256707286
67.80096395573284,0.5520064263715523,3.479935736284477,0,11,2,15,14,0.6520064263715523,0.6294213043592655
57.53004617780922,0.48353364118539477,4.164663588146052,2,27,4,21,2,0.5835336411853947,0.6889449303426691
76.4494105649972,0.6096627370999813,2.903372629000187,2,21,3,11,12,0.7096627370999813,0.9189331698888086
62.303831039975314,0.5153588735998355,3.8464112640016457,3,18,3,13,7,0.6153588735998354,0.4790006813638429
51.71127239161345,0.4447418159440896,4.552581840559103,4,24,6,20,1,0.5447418159440897,0.33598780473085277
41.533554679027034,0.3768903645268469,5.231096354731531,2,21,5,21,6,0.47689036452684685,0.8893867695070825
41.12179441075634,0.3741452960717089,5.258547039282911,2,3,1,13,0,0.47414529607170885,0.5221864649055714
82.15575553100192,0.6477050368733461,2.5229496312665387,2,0,4,13,14,0.7477050368733461,0.6311602625292256
46.405142897581,0.40936761931720667,4.906323806827933,2,2,4,1,2,0.5093676193172066,0.3360386093902804
59.63039041320641,0.49753593608804275,4.024640639119572,0,23,5,18,0,0.5975359360880428,0.619755748643908
68.09130383571747,0.5539420255714498,3.4605797442855017,0,23,2,15,12,0.6539420255714498,0.26760644734243766
26.091324663291907,0.2739421644219461,6.26057835578054,0,20,4,29,12,0.37394216442194605,0.7951996270103192
28.002756811009895,0.2866850454067326,6.133149545932674,0,25,2,11,9,0.3866850454067326,0.5007927185228808
61.05387369527631,0.5070258246351754,3.929741753648246,4,3,6,18,6,0.6070258246351754,0.876118002129767
82.9684650122663,0.6531231000817753,2.468768999182247,3,24,5,16,0,0.7531231000817753,0.5010832458151888
44.654252322581804,0.3976950154838787,5.0230498451612124,2,5,6,4,9,0.4976950154838787,0.25734694580937956
26.712006760721607,0.2780800450714773,6.219199549285227,3,23,6,21,10,0.3780800450714773,0.0493080651398361
71.80287702036225,0.578685846802415,3.2131415319758503,0,1,2,2,3,0.678685846802415,0.16495246521272156
52.58722558679765,0.4505815039119843,4.4941849608801565,1,21,3,27,11,0.5505815039119843,0.55112435177942
52.2733617747496,0.4484890784983307,4.515109215016693,4,28,5,13,12,0.5484890784983307,0.5171403679586918
57.43571186141013,0.4829047457427342,4.170952542572659,1,9,2,7,5,0.5829047457427341,0.7624504533331719
85.24045803565849,0.6682697202377232,2.3173027976227676,2,25,1,4,10,0.7682697202377232,0.16768588189169364
60.538278390076655,0.503588522600511,3.96411477399489,4,28,3,19,6,0.603588522600511,0.827937245725729
74.8161734150258,0.5987744894335054,3.0122551056649467,4,13,6,12,3,0.6987744894335053,0.45675616031796196
83.1149620249451,0.6540997468329673,2.459002531670327,0,10,3,28,4,0.7540997468329673,0.12654479593590917
64.93398798283067,0.5328932532188712,3.6710674678112882,3,1,4,2,2,0.6328932532188711,0.8864187930830011
81.55054643735005,0.6436703095823337,2.5632969041766627,1,23,3,19,7,0.7436703095823337,0.9928312897803199
61.59148407407061,0.5106098938271374,3.8939010617286263,1,8,3,26,9,0.6106098938271374,0.5311623967211639
23.66092446081445,0.2577394964054297,6.422605035945703,3,6,4,13,2,0.3577394964054297,0.3235229026894778
60.88942799129043,0.5059295199419362,3.940704800580638,4,11,4,20,7,0.6059295199419362,0.11740066956859718
65.00992340535043,0.5333994893690029,3.666005106309971,4,3,5,25,1,0.6333994893690029,0.4040022371965314
50.82123636320936,0.4388082424213957,4.611917575786043,0,25,2,24,10,0.5388082424213957,0.9025324060453404
57.08156722242774,0.4805437814828516,4.194562185171484,0,18,5,28,13,0.5805437814828516,0.640817119773221
78.53661607895793,0.6235774405263862,2.7642255947361383,1,23,4,28,10,0.7235774405263862,0.15067688729110018
52.5610902394113,0.450407268262742,4.49592731737258,0,8,2,28,1,0.550407268262742,0.22554900908265907
89.2438017521412,0.6949586783476079,2.0504132165239204,4,25,1,15,12,0.7949586783476079,0.3036226467735099
57.83790285124695,0.485586019008313,4.14413980991687,3,28,3,7,5,0.585586019008313,0.7644699711372693
77.90739056232027,0.6193826037488018,2.8061739625119824,1,28,5,20,5,0.7193826037488018,0.04884990518970567
73.87433107846175,0.5924955405230783,3.075044594769217,1,6,3,3,8,0.6924955405230783,0.6405773056615672
54.75195956448975,0.465013063763265,4.3498693623673494,0,19,6,2,7,0.565013063763265,0.5770192844766142
69.83885620642778,0.5655923747095185,3.344076252904815,0,5,4,11,8,0.6655923747095185,0.08562215754396707
57.67149170080206,0.48447661133868036,4.155233886613196,1,14,4,22,8,0.5844766113386803,0.6914404792398622
54.442881088980904,0.46295254059320606,4.3704745940679395,3,24,3,10,4,0.562952540593206,0.9167354261568585
61.70441475994605,0.511362765066307,3.8863723493369298,2,1,4,8,11,0.6113627650663069,0.4008615671965937
31.648436668337645,0.3109895777889176,5.890104222110824,4,25,2,10,7,0.4109895777889176,0.03354400044366401
52.00835983664651,0.44672239891097676,4.532776010890232,1,5,6,16,6,0.5467223989109767,0.021369632216114542
54.97073381878269,0.4664715587918846,4.335284412081154,0,9,4,14,8,0.5664715587918846,0.5059626359070277
52.695019435141305,0.45130012956760873,4.486998704323913,4,24,4,5,4,0.5513001295676087,0.675848007230279
45.95082127522953,0.40633880850153015,4.936611914984698,4,18,3,16,10,0.5063388085015301,0.4225024187621075
67.64033280579851,0.5509355520386567,3.4906444796134326,4,15,5,13,9,0.6509355520386567,0.37481710030065296
68.87101982577134,0.559140132171809,3.40859867828191,0,22,5,8,6,0.6591401321718089,0.7958012706901216
81.75969412571642,0.6450646275047761,2.5493537249522387,0,24,2,4,8,0.7450646275047761,0.2788536782009453
36.642292544373134,0.34428195029582087,5.5571804970417915,2,4,4,1,10,0.44428195029582085,0.7422848278446461
83.68622474977332,0.6579081649984888,2.4209183500151124,4,24,2,1,0,0.7579081649984887,0.9107255388193155
42.57855028531296,0.3838570019020864,5.161429980979136,0,9,1,19,9,0.48385700190208636,0.8641914940122302
103.77587015694616,0.791839134379641,1.0816086562035898,1,21,6,20,3,0.891839134379641,0.38562895050076385
61.12243634949288,0.5074829089966192,3.925170910033808,3,1,6,1,14,0.6074829089966192,0.40773537392417925
26.62338427189068,0.27748922847927115,6.2251077152072885,3,9,6,7,6,0.37748922847927113,0.9815929811356325
48.51695202489701,0.4234463468326467,4.765536531673533,1,29,4,1,4,0.5234463468326467,0.06509303748493589
82.76377696764334,0.6517585131176222,2.4824148688237777,1,4,6,5,8,0.7517585131176222,0.11335357931296308
66.42791710937027,0.5428527807291351,3.571472192708649,3,20,1,15,1,0.6428527807291351,0.8804386580894277
41.83934682398022,0.3789289788265348,5.210710211734652,3,7,1,24,2,0.4789289788265348,0.8610758521225563
80.18776039258425,0.634585069283895,2.65414930716105,0,14,5,11,8,0.734585069283895,0.30583680972239635
69.68704323651754,0.5645802882434503,3.354197117565497,4,21,3,20,7,0.6645802882434503,0.9339962529283304
75.85655763250655,0.6057103842167104,2.9428961578328963,2,4,5,3,2,0.7057103842167104,0.6868836118822624
58.52239011716771,0.49014926744778475,4.098507325522153,4,19,2,10,2,0.5901492674477847,0.9276615492565791
82.4226868297898,0.6494845788652653,2.505154211347347,0,0,4,27,8,0.7494845788652653,0.9683081025013012
40.2609567976384,0.36840637865092263,5.315936213490773,3,14,1,9,3,0.4684063786509226,0.1075185134338229
57.59408904369541,0.48396059362463606,4.160394063753639,4,1,4,14,11,0.583960593624636,0.06303553262298811
60.892209055366635,0.5059480603691109,3.940519396308891,0,21,2,24,5,0.6059480603691109,0.9710407410815817
80.91844496044143,0.6394562997362763,2.6054370026372373,3,19,5,26,12,0.7394562997362762,0.5963312485839332
67.14736312236076,0.547649087482405,3.5235091251759494,0,23,6,2,1,0.647649087482405,0.9597423212735974
74.92462797365246,0.5994975198243497,3.005024801756503,4,17,1,26,3,0.6994975198243497,0.4938071913800427
68.45556460560992,0.5563704307040661,3.4362956929593387,2,3,4,24,9,0.6563704307040661,0.35079564603949753
82.03430953451226,0.6468953968967484,2.531046031032516,1,15,2,28,10,0.7468953968967484,0.8506162823995255
88.238911967554,0.6882594131170268,2.1174058688297324,0,14,4,16,13,0.7882594131170267,0.5358233572190396
29.5281132223861,0.29685408814924064,6.031459118507593,3,12,2,14,0,0.3968540881492406,0.578746804407595
47.16001069643923,0.4144000713095949,4.855999286904051,3,22,1,24,4,0.5144000713095949,0.09794701434336706
71.54941952183962,0.5769961301455975,3.2300386985440253,1,1,4,9,2,0.6769961301455975,0.9638577500200105
82.75272912711483,0.6516848608474322,2.483151391525678,1,23,6,25,3,0.7516848608474322,0.5172559376877982
18.87511008536943,0.2258340672357962,6.741659327642038,2,28,6,3,0,0.32583406723579617,0.4485376467019192
66.43077887307064,0.5428718591538042,3.5712814084619575,4,4,5,14,1,0.6428718591538043,0.1833469273100592
63.12211342407597,0.5208140894938398,3.791859105061602,4,13,4,22,5,0.6208140894938398,0.5697895425963565
59.84070902246276,0.4989380601497517,4.010619398502483,3,9,1,29,5,0.5989380601497517,0.008747481979386018
47.957997261718795,0.41971998174479197,4.8028001825520805,4,10,5,27,9,0.519719981744792,0.4774742907158699
34.94315301524002,0.33295435343493346,5.670456465650665,4,15,3,13,14,0.43295435343493344,0.9840731819256663
81.63979840322732,0.6442653226881822,2.557346773118179,2,10,2,17,6,0.7442653226881821,0.23951319284261108
59.83617247004606,0.4989078164669737,4.0109218353302625,4,8,4,26,5,0.5989078164669737,0.5015063136939284
49.80685489793629,0.43204569931957526,4.679543006804248,3,25,2,12,0,0.5320456993195752,0.02979435952097409
25.147776574876126,0.2676518438325075,6.3234815616749245,2,27,3,28,1,0.3676518438325075,0.9303384020652224
51.579355171589526,0.44386236781059685,4.5613763218940315,3,29,3,28,6,0.5438623678105968,0.3032470417948028
54.300613481417514,0.4620040898761168,4.379959101238832,4,16,1,6,7,0.5620040898761167,0.09201530774746292
79.1604678649692,0.6277364524331281,2.722635475668719,4,15,4,10,5,0.7277364524331281,0.8105006587830946
74.6840889955632,0.5978939266370881,3.0210607336291195,1,20,4,12,12,0.697893926637088,0.9276460760749925
62.97785620671237,0.5198523747114158,3.801476252885842,4,20,5,5,10,0.6198523747114157,0.8540217352654896
65.31521969339967,0.5354347979559978,3.645652020440022,1,26,3,8,1,0.6354347979559978,0.6991351731399271
87.72155398880085,0.684810359925339,2.15189640074661,3,22,4,8,2,0.784810359925339,0.003136321761991967
87.52181259260604,0.6834787506173736,2.1652124938262642,3,5,2,28,3,0.7834787506173736,0.6596166906385534
60.52456706765493,0.5034971137843662,3.965028862156338,3,29,2,5,4,0.6034971137843662,0.7160850885814766
56.70742775910209,0.4780495183940139,4.219504816059861,1,14,6,3,2,0.5780495183940139,0.3330967764360083
82.0253959568937,0.6468359730459581,2.5316402695404197,3,21,5,21,14,0.746835973045958,0.6520640370481667
44.970162071474164,0.39980108047649443,5.001989195235056,3,24,2,22,10,0.4998010804764944,0.09193814288883273
65.50980986617134,0.5367320657744756,3.632679342255244,3,2,2,18,0,0.6367320657744756,0.3787316615541745
76.61908506591116,0.6107939004394077,2.8920609956059224,1,1,3,3,8,0.7107939004394077,0.9954502716166402
48.856454701947854,0.4257096980129857,4.742903019870143,1,17,6,3,9,0.5257096980129857,0.8541672377664162
67.47450291085599,0.5498300194057065,3.5016998059429345,0,15,5,14,14,0.6498300194057065,0.836267583187211
65.56057365942164,0.5370704910628109,3.629295089371891,0,21,5,16,13,0.6370704910628109,0.035485417506027184
58.111158372462654,0.48740772248308434,4.1259227751691565,2,6,5,13,2,0.5874077224830844,0.12993627412080733
56.59506019488528,0.4773004012992352,4.226995987007649,2,21,1,5,8,0.5773004012992351,0.2851663978043729
60.37680159882017,0.5025120106588011,3.9748798934119884,2,8,5,26,3,0.6025120106588011,0.5996272333267271
48.30647935728054,0.42204319571520355,4.7795680428479645,2,26,5,3,1,0.5220431957152035,0.639516325817533
44.08227157246994,0.393881810483133,5.06118189516867,1,2,2,16,9,0.49388181048313295,0.392565387638643
27.167072376578453,0.28111381584385636,6.188861841561437,2,7,5,13,2,0.38111381584385634,0.36368874114612526
71.35226651951561,0.5756817767967708,3.243182232032293,0,13,1,22,1,0.6756817767967707,0.2273134040951601
44.83781651381534,0.39891877675876897,5.01081223241231,4,20,5,24,9,0.49891877675876894,0.1681191616953639
61.76280933931252,0.5117520622620835,3.8824793773791653,1,13,1,13,14,0.6117520622620835,0.1575328248985982
83.74288938472407,0.6582859292314938,2.417140707685063,0,14,6,15,0,0.7582859292314937,0.0394775699849389
54.22630877851992,0.4615087251901328,4.384912748098672,1,26,2,8,3,0.5615087251901328,0.9792692330317834
89.33932215801461,0.6955954810534307,2.0440451894656926,0,1,4,23,8,0.7955954810534307,0.5524854050986671
60.05631982040046,0.5003754654693364,3.996245345306636,0,1,5,21,5,0.6003754654693364,0.6954017360493328
52.329763835721735,0.4488650922381449,4.511349077618551,0,1,3,13,14,0.5488650922381448,0.48941486895559494
74.62834143881219,0.597522276258748,3.0247772374125206,2,18,4,2,0,0.6975222762587479,0.7098768253584278
54.99282205195054,0.4666188136796703,4.333811863203297,3,29,3,1,11,0.5666188136796703,0.8381121690646937
65.22891517451967,0.5348594344967977,3.6514056550320224,1,11,2,23,12,0.6348594344967977,0.9441496932199788
54.324520987824855,0.4621634732521657,4.378365267478343,1,21,5,6,9,0.5621634732521656,0.6923716051925418
69.86684706307591,0.5657789804205061,3.342210195794939,2,27,4,19,14,0.6657789804205061,0.7893120516252845
58.13980340146896,0.4875986893431264,4.124013106568736,4,28,6,8,0,0.5875986893431264,0.6808410932786814
65.97934630713807,0.5398623087142539,3.6013769128574618,4,3,6,24,14,0.6398623087142539,0.9569419187007517
53.85874429595306,0.4590582953063537,4.409417046936463,0,25,2,25,14,0.5590582953063536,0.21346455094750372
65.31739008745325,0.5354492672496882,3.6455073275031173,1,1,3,18,11,0.6354492672496882,0.46013926469509714
57.439782511811394,0.482931883412076,4.17068116587924,0,4,1,19,3,0.5829318834120759,0.8640217245168557
28.69855053510298,0.29132367023401984,6.086763297659801,2,3,5,24,3,0.3913236702340198,0.076848117810277
39.84802703168599,0.36565351354457326,5.343464864554267,1,7,3,5,4,0.46565351354457324,0.7313484339725452
45.59236543936184,0.40394910292907893,4.960508970709211,2,11,4,9,1,0.5039491029290789,0.40301271591042376
50.111242086289145,0.43407494724192763,4.659250527580724,2,22,4,26,10,0.5340749472419276,0.3572499958742791
48.961609593045395,0.4264107306203026,4.735892693796973,1,20,5,19,9,0.5264107306203026,0.8101360217848809
65.86758495082891,0.539117233005526,3.6088276699447395,4,0,6,4,0,0.639117233005526,0.6089107422249944
68.56014633662019,0.5570676422441346,3.4293235775586535,0,27,5,1,9,0.6570676422441346,0.4968776791389724
24.246899682019524,0.26164599788013015,6.383540021198698,1,27,2,8,10,0.36164599788013013,0.9769448229854443
72.12323472138624,0.5808215648092416,3.191784351907584,4,14,1,15,8,0.6808215648092416,0.5703159702369737
15.859175163045151,0.20572783442030101,6.94272165579699,1,18,2,20,11,0.305727834420301,0.04862030136274764
50.383580127090596,0.435890534180604,4.6410946581939605,4,15,5,18,12,0.535890534180604,0.622245749100293
48.304829775838556,0.4220321985055904,4.779678014944096,3,28,2,4,10,0.5220321985055904,0.7541216173805694
66.90331631603541,0.5460221087735694,3.539778912264306,0,20,2,22,9,0.6460221087735694,0.41821685379866824
73.02690374969339,0.5868460249979559,3.1315397500204405,1,19,1,29,2,0.6868460249979559,0.9828095314669477
40.22161522687769,0.368144101512518,5.31855898487482,2,1,2,12,12,0.46814410151251795,0.06217549961265123
55.26741507900036,0.46844943386000243,4.315505661399976,0,15,5,16,1,0.5684494338600024,0.9860715624750418
71.45865555834715,0.5763910370556476,3.2360896294435237,3,17,3,3,12,0.6763910370556476,0.4032506387588519
55.42510353872767,0.46950069025818447,4.304993097418155,2,16,4,15,1,0.5695006902581844,0.07102646252739209
66.12392550332893,0.5408261700221928,3.5917382997780716,0,4,4,7,13,0.6408261700221929,0.4032210649711271
57.29665010341633,0.48197766735610886,4.180223326438911,1,25,3,13,13,0.5819776673561089,0.026567316091552717
74.54007305767611,0.5969338203845074,3.0306617961549263,3,17,1,24,9,0.6969338203845074,0.182302176615168
53.732738206118306,0.45821825470745536,4.417817452925446,1,11,2,10,14,0.5582182547074553,0.33816130589435445
80.32387989524672,0.6354925326349781,2.645074673650219,0,16,3,22,4,0.7354925326349782,0.38169717446015927
48.066097032568415,0.42044064688378946,4.795593531162106,4,7,6,11,12,0.5204406468837894,0.8529824112340051
64.94271994395508,0.5329514662930339,3.6704853370696613,0,15,6,9,2,0.6329514662930339,0.8279416103828243
65.37058507474919,0.5358039004983279,3.641960995016721,4,2,2,23,4,0.6358039004983278,0.25741271976395697
59.33390915951807,0.49555939439678715,4.044406056032129,0,23,4,9,14,0.5955593943967871,0.2965391561970986
65.17278176371867,0.5344852117581245,3.6551478824187553,4,21,1,21,3,0.6344852117581244,0.9308426286633625
59.35297906789075,0.4956865271192717,4.043134728807283,1,13,3,16,5,0.5956865271192716,0.2541464859872815
